Date,Ter_N,Sp_N,Sp,Time,T_lizard,T_sub,T_air,Delta_Time,Time_initial,N_group,N_total,Sub_type,N_ser,Group,Season
NA,E,2510+200,D.armeniaca,NA,19.2,19.6,18.3,NA,NA,1,1,rock,NA,F,autumn
NA,E,2510+200,D.armeniaca,NA,19.2,19.6,16.5,NA,NA,1,1,rock,NA,F,autumn
22.10.21?,D,4023.0,D.armeniaca,1899-12-31 16:58:00,19,20.9,18.1,86,1899-12-31 15:32:00,1,1,rock,NA,F,autumn
NA,E,2510+200,D.armeniaca,1899-12-31 17:15:00,16.9,18.8,17.8,103,1899-12-31 15:32:00,1,1,rock,NA,F,autumn
44504.0,E,133+50,D.armeniaca,1899-12-31 13:41:00,22.3,24.6,20.9,15,1899-12-31 13:26:00,1,4,rock,NA,F,autumn
NA,E,133+50,D.armeniaca,1899-12-31 15:45:00,31.5,38,23.5,8,1899-12-31 15:37:00,2,4,rock,NA,T,autumn
NA,E,4023.0,D.armeniaca,1899-12-31 15:45:00,32,32.5,23.7,8,1899-12-31 15:37:00,2,4,rock,NA,T,autumn
NA,E,133+50,D.armeniaca,1899-12-31 15:59:00,27.2,29.5,24,22,1899-12-31 15:37:00,2,4,rock,NA,T,autumn
NA,E,4023.0,D.armeniaca,1899-12-31 15:59:00,25.3,30.9,24.8,22,1899-12-31 15:37:00,2,4,rock,NA,T,autumn
44505.0,A,133+50,D.armeniaca,1899-12-31 13:07:00,30.9,32.9,24.5,4,1899-12-31 13:03:00,1,4,rock,NA,F,autumn
NA,A,133+50,D.armeniaca,1899-12-31 13:09:00,28.7,31,21.9,6,1899-12-31 13:03:00,1,4,rock,NA,F,autumn
NA,A,133+50,D.armeniaca,1899-12-31 13:16:00,23.4,27.1,20.1,13,1899-12-31 13:03:00,1,4,rock,NA,F,autumn
NA,A,133+50,D.armeniaca,1899-12-31 13:53:00,20,21.3,19.5,50,1899-12-31 13:03:00,1,4,rock,NA,F,autumn
44506.0,A,132.0,D.armeniaca,1899-12-31 14:26:00,27.8,29.5,19.6,4,1899-12-31 14:22:00,1,7,rock,NA,F,autumn
NA,A,132.0,D.armeniaca,1899-12-31 14:32:00,24.8,25.9,18.1,10,1899-12-31 14:22:00,1,7,rock,NA,F,autumn
NA,A,424.0,D.armeniaca,1899-12-31 14:55:00,18.3,19.8,18.1,33,1899-12-31 14:22:00,1,7,rock,NA,F,autumn
NA,A,133+50,D.armeniaca,1899-12-31 14:22:00,17.3,19.2,16.9,0,1899-12-31 14:22:00,1,7,rock,NA,F,autumn
NA,A,1525+300+400,D.armeniaca,1899-12-31 11:59:00,26.5,23.7,18.4,6,1899-12-31 11:53:00,1,7,rock,NA,F,autumn
NA,A,1525+300+400,D.armeniaca,1899-12-31 12:03:00,21.8,16.4,16.7,10,1899-12-31 11:53:00,3,7,gravel,i,T,autumn
NA,A,534.0,D.armeniaca,1899-12-31 12:03:00,20.9,16.4,16.7,10,1899-12-31 11:53:00,3,7,gravel,i,T,autumn
NA,A,1525+300+400,D.armeniaca,1899-12-31 12:05:00,20.7,16.5,16.4,12,1899-12-31 11:53:00,3,7,gravel,i,T,autumn
NA,A,534.0,D.armeniaca,1899-12-31 12:05:00,20.2,16.5,16.4,12,1899-12-31 11:53:00,3,7,gravel,i,T,autumn
NA,A,133+50,D.armeniaca,1899-12-31 12:06:00,17.6,15.2,16.2,13,1899-12-31 11:53:00,1,7,gravel,i,F,autumn
NA,A,1525+300+400,D.armeniaca,1899-12-31 12:08:00,19.1,16.7,16.2,15,1899-12-31 11:53:00,3,7,gravel,i,T,autumn
NA,A,534.0,D.armeniaca,1899-12-31 12:08:00,18.8,16.7,16.2,15,1899-12-31 11:53:00,3,7,gravel,i,T,autumn
NA,A,133+50,D.armeniaca,1899-12-31 12:10:00,16.1,14.6,16.8,17,1899-12-31 11:53:00,1,7,gravel,i,F,autumn
NA,A,1525+300+400,D.armeniaca,1899-12-31 12:11:00,18,16.3,16.3,18,1899-12-31 11:53:00,3,7,gravel,i,T,autumn
NA,A,534.0,D.armeniaca,1899-12-31 12:11:00,17.8,16.3,16.3,18,1899-12-31 11:53:00,3,7,gravel,i,T,autumn
NA,A,1525+300+400,D.armeniaca,1899-12-31 12:14:00,17.7,16.5,16.3,21,1899-12-31 11:53:00,3,7,gravel,i,T,autumn
NA,A,534.0,D.armeniaca,1899-12-31 12:14:00,17.7,16.5,16.3,21,1899-12-31 11:53:00,3,7,gravel,i,T,autumn
NA,A,133+50,D.armeniaca,1899-12-31 12:15:00,15.8,15.1,16.3,22,1899-12-31 11:53:00,1,7,gravel,i,F,autumn
NA,A,1525+300+400,D.armeniaca,1899-12-31 12:17:00,17.1,16.4,16.2,24,1899-12-31 11:53:00,3,7,gravel,i,T,autumn
NA,A,534.0,D.armeniaca,1899-12-31 12:17:00,17.1,16.4,16.2,24,1899-12-31 11:53:00,3,7,gravel,i,T,autumn
NA,A,133+50,D.armeniaca,1899-12-31 12:18:00,15.8,15.2,16.3,25,1899-12-31 11:53:00,1,7,gravel,i,F,autumn
NA,A,1525+300+400,D.armeniaca,1899-12-31 12:19:00,16.6,15.7,16.3,26,1899-12-31 11:53:00,3,7,gravel,i,T,autumn
NA,A,534.0,D.armeniaca,1899-12-31 12:19:00,16.4,15.7,16.3,26,1899-12-31 11:53:00,3,7,gravel,i,T,autumn
NA,A,133+50,D.armeniaca,1899-12-31 12:21:00,16,15.5,16.1,28,1899-12-31 11:53:00,1,7,gravel,i,F,autumn
NA,A,1525+300+400,D.armeniaca,1899-12-31 12:23:00,17,15.7,16.8,30,1899-12-31 11:53:00,3,7,gravel,i,T,autumn
NA,A,534.0,D.armeniaca,1899-12-31 12:23:00,17,15.7,16.8,30,1899-12-31 11:53:00,3,7,gravel,i,T,autumn
NA,A,133+50,D.armeniaca,1899-12-31 12:24:00,15.9,15.2,16.7,31,1899-12-31 11:53:00,1,7,gravel,i,F,autumn
NA,A,1525+300+400,D.armeniaca,1899-12-31 12:25:00,16.9,15.5,16.3,32,1899-12-31 11:53:00,3,7,gravel,i,T,autumn
NA,A,534.0,D.armeniaca,1899-12-31 12:25:00,16.9,15.5,16.3,32,1899-12-31 11:53:00,3,7,gravel,i,T,autumn
NA,A,133+50,D.armeniaca,1899-12-31 12:27:00,15.5,15,16.8,34,1899-12-31 11:53:00,1,7,gravel,i,F,autumn
NA,A,1525+300+400,D.armeniaca,1899-12-31 12:28:00,16.6,15.1,16.2,35,1899-12-31 11:53:00,3,7,gravel,i,T,autumn
NA,A,534.0,D.armeniaca,1899-12-31 12:28:00,16.6,15.1,16.2,35,1899-12-31 11:53:00,3,7,gravel,i,T,autumn
NA,A,1525+300+400,D.armeniaca,1899-12-31 12:30:00,16.9,15.4,16.5,37,1899-12-31 11:53:00,3,7,gravel,i,T,autumn
NA,A,534.0,D.armeniaca,1899-12-31 12:30:00,16.9,15.4,16.5,37,1899-12-31 11:53:00,3,7,gravel,i,T,autumn
NA,A,133+50,D.armeniaca,1899-12-31 12:32:00,15.6,15,16.4,39,1899-12-31 11:53:00,1,7,gravel,i,F,autumn
NA,A,1525+300+400,D.armeniaca,1899-12-31 12:35:00,16.3,15.1,16.9,42,1899-12-31 11:53:00,3,7,gravel,i,T,autumn
NA,A,534.0,D.armeniaca,1899-12-31 12:35:00,16.3,15.1,16.9,42,1899-12-31 11:53:00,3,7,gravel,i,T,autumn
NA,A,133+50,D.armeniaca,1899-12-31 12:36:00,15.2,14.9,16.2,43,1899-12-31 11:53:00,1,7,gravel,i,F,autumn
NA,A,1525+300+400,D.armeniaca,1899-12-31 12:39:00,16.5,15.5,17,46,1899-12-31 11:53:00,3,7,gravel,i,T,autumn
NA,A,534.0,D.armeniaca,1899-12-31 12:39:00,16.5,15.5,17,46,1899-12-31 11:53:00,3,7,gravel,i,T,autumn
NA,A,1525+300+400,D.armeniaca,1899-12-31 12:43:00,16.2,15.5,16.5,50,1899-12-31 11:53:00,3,7,gravel,i,T,autumn
NA,A,534.0,D.armeniaca,1899-12-31 12:43:00,16.2,15.5,16.5,50,1899-12-31 11:53:00,3,7,gravel,i,T,autumn
NA,A,534.0,D.armeniaca,1899-12-31 15:10:00,34.7,32,20.2,1,1899-12-31 15:09:00,1,7,rock,i,F,autumn
NA,A,1525+300+400,D.armeniaca,1899-12-31 15:12:00,25.4,29,20.5,3,1899-12-31 15:09:00,3,7,rock,i,T,autumn
NA,A,132.0,D.armeniaca,1899-12-31 15:12:00,29.7,28,20.5,3,1899-12-31 15:09:00,3,7,rock,i,T,autumn
NA,A,534.0,D.armeniaca,1899-12-31 15:12:00,31,26.6,20.5,3,1899-12-31 15:09:00,3,7,rock,i,T,autumn
NA,A,1525+300+400,D.armeniaca,1899-12-31 15:14:00,25.2,27.5,20.5,5,1899-12-31 15:09:00,3,7,rock,i,T,autumn
NA,A,132.0,D.armeniaca,1899-12-31 15:14:00,28,27.4,20.5,5,1899-12-31 15:09:00,3,7,rock,i,T,autumn
NA,A,534.0,D.armeniaca,1899-12-31 15:14:00,28.6,25.5,20.5,5,1899-12-31 15:09:00,3,7,rock,i,T,autumn
NA,A,1525+300+400,D.armeniaca,1899-12-31 15:16:00,25.6,27.2,20.5,7,1899-12-31 15:09:00,3,7,rock,i,T,autumn
NA,A,132.0,D.armeniaca,1899-12-31 15:16:00,27.3,26.8,20.5,7,1899-12-31 15:09:00,3,7,rock,i,T,autumn
NA,A,534.0,D.armeniaca,1899-12-31 15:16:00,27.4,25.4,20.5,7,1899-12-31 15:09:00,3,7,rock,i,T,autumn
NA,A,1525+300+400,D.armeniaca,1899-12-31 15:18:00,25.1,26.3,20.4,9,1899-12-31 15:09:00,3,7,rock,i,T,autumn
NA,A,132.0,D.armeniaca,1899-12-31 15:18:00,26.6,26.7,20.4,9,1899-12-31 15:09:00,3,7,rock,i,T,autumn
NA,A,534.0,D.armeniaca,1899-12-31 15:18:00,26.3,25.4,20.4,9,1899-12-31 15:09:00,3,7,rock,i,T,autumn
NA,A,1525+300+400,D.armeniaca,1899-12-31 15:20:00,24.4,25.7,20,11,1899-12-31 15:09:00,3,7,rock,i,T,autumn
NA,A,132.0,D.armeniaca,1899-12-31 15:20:00,25.7,26,20,11,1899-12-31 15:09:00,3,7,rock,i,T,autumn
NA,A,534.0,D.armeniaca,1899-12-31 15:20:00,25.1,24.1,20,11,1899-12-31 15:09:00,3,7,rock,i,T,autumn
NA,A,1525+300+400,D.armeniaca,1899-12-31 15:22:00,24.2,25.1,19.9,13,1899-12-31 15:09:00,3,7,rock,i,T,autumn
NA,A,132.0,D.armeniaca,1899-12-31 15:22:00,25.3,25.3,19.9,13,1899-12-31 15:09:00,3,7,rock,i,T,autumn
NA,A,534.0,D.armeniaca,1899-12-31 15:22:00,24.3,23.6,19.9,13,1899-12-31 15:09:00,3,7,rock,i,T,autumn
NA,A,1525+300+400,D.armeniaca,1899-12-31 15:23:00,23.2,22.7,19,14,1899-12-31 15:09:00,1,7,rock,i,F,autumn
NA,A,534.0,D.armeniaca,1899-12-31 15:28:00,19.7,17.7,16.9,19,1899-12-31 15:09:00,2,7,gravel,ii,T,autumn
NA,A,133+50,D.armeniaca,1899-12-31 15:28:00,17.6,17.5,16.9,19,1899-12-31 15:09:00,2,7,gravel,ii,T,autumn
NA,A,4023.0,D.armeniaca,1899-12-31 15:30:00,17.4,17.2,16.8,21,1899-12-31 15:09:00,1,7,gravel,ii,F,autumn
NA,A,534.0,D.armeniaca,1899-12-31 15:31:00,18.4,16.9,16.2,22,1899-12-31 15:09:00,2,7,gravel,ii,T,autumn
NA,A,133+50,D.armeniaca,1899-12-31 15:31:00,17.2,16.9,16.2,22,1899-12-31 15:09:00,2,7,gravel,ii,T,autumn
NA,A,4023.0,D.armeniaca,1899-12-31 15:32:00,17.3,17.1,16.3,23,1899-12-31 15:09:00,1,7,gravel,ii,F,autumn
NA,A,534.0,D.armeniaca,1899-12-31 15:32:00,18.3,17.1,16.2,23,1899-12-31 15:09:00,2,7,gravel,ii,T,autumn
NA,A,133+50,D.armeniaca,1899-12-31 15:32:00,17.3,17.1,16.2,23,1899-12-31 15:09:00,2,7,gravel,ii,T,autumn
NA,A,4023.0,D.armeniaca,1899-12-31 15:34:00,17.2,17.1,16.2,25,1899-12-31 15:09:00,1,7,gravel,ii,F,autumn
NA,A,534.0,D.armeniaca,1899-12-31 15:34:00,17.6,16.9,16.2,25,1899-12-31 15:09:00,2,7,gravel,ii,T,autumn
NA,A,133+50,D.armeniaca,1899-12-31 15:34:00,17,16.9,16.2,25,1899-12-31 15:09:00,2,7,gravel,ii,T,autumn
NA,A,4023.0,D.armeniaca,1899-12-31 15:36:00,17.2,17.2,16.1,27,1899-12-31 15:09:00,1,7,gravel,ii,F,autumn
NA,A,534.0,D.armeniaca,1899-12-31 15:36:00,17.4,16.6,16.1,27,1899-12-31 15:09:00,2,7,gravel,ii,T,autumn
NA,A,133+50,D.armeniaca,1899-12-31 15:36:00,16.9,16.6,16.1,27,1899-12-31 15:09:00,2,7,gravel,ii,T,autumn
NA,A,4023.0,D.armeniaca,1899-12-31 15:38:00,16.9,16.9,16.2,29,1899-12-31 15:09:00,1,7,gravel,ii,F,autumn
NA,A,534.0,D.armeniaca,1899-12-31 15:38:00,17.1,16.5,16,29,1899-12-31 15:09:00,2,7,gravel,ii,T,autumn
NA,A,133+50,D.armeniaca,1899-12-31 15:38:00,16.6,16.5,16,29,1899-12-31 15:09:00,2,7,gravel,ii,T,autumn
NA,A,4023.0,D.armeniaca,1899-12-31 15:40:00,16.6,16.5,16.1,31,1899-12-31 15:09:00,1,7,gravel,ii,F,autumn
NA,A,534.0,D.armeniaca,1899-12-31 15:40:00,16.7,16.3,15.9,31,1899-12-31 15:09:00,2,7,gravel,ii,T,autumn
NA,A,133+50,D.armeniaca,1899-12-31 15:40:00,16.4,16.3,15.9,31,1899-12-31 15:09:00,2,7,gravel,ii,T,autumn
NA,A,2510+200,D.armeniaca,1899-12-31 17:51:00,25.6,30.9,19.2,4,1899-12-31 17:47:00,1,7,rock,iii,F,autumn
NA,A,4023.0,D.armeniaca,1899-12-31 17:52:00,19.6,19.4,17.4,5,1899-12-31 17:47:00,2,7,gravel,iii,T,autumn
NA,A,1525+300+400,D.armeniaca,1899-12-31 17:52:00,23.4,19.4,17.4,5,1899-12-31 17:47:00,2,7,gravel,iii,T,autumn
NA,A,2510+200,D.armeniaca,1899-12-31 17:53:00,25.9,27.7,20.6,6,1899-12-31 17:47:00,1,7,rock,iii,F,autumn
NA,A,4023.0,D.armeniaca,1899-12-31 17:54:00,19.7,19.1,17.6,7,1899-12-31 17:47:00,2,7,gravel,iii,T,autumn
NA,A,1525+300+400,D.armeniaca,1899-12-31 17:54:00,21.2,19.1,17.6,7,1899-12-31 17:47:00,2,7,gravel,iii,T,autumn
NA,A,534.0,D.armeniaca,1899-12-31 17:55:00,19.9,20,17.6,8,1899-12-31 17:47:00,1,7,gravel,iii,F,autumn
NA,A,4023.0,D.armeniaca,1899-12-31 17:56:00,19.5,19.2,17.5,9,1899-12-31 17:47:00,2,7,gravel,iii,T,autumn
NA,A,1525+300+400,D.armeniaca,1899-12-31 17:56:00,20.5,19.2,17.5,9,1899-12-31 17:47:00,2,7,gravel,iii,T,autumn
NA,A,2510+200,D.armeniaca,1899-12-31 17:57:00,25,25.5,19.5,10,1899-12-31 17:47:00,1,7,rock,iii,F,autumn
NA,A,534.0,D.armeniaca,1899-12-31 17:58:00,19.5,19.6,17.4,11,1899-12-31 17:47:00,1,7,gravel,iii,F,autumn
NA,A,4023.0,D.armeniaca,1899-12-31 17:58:00,19,18.7,17.4,11,1899-12-31 17:47:00,2,7,gravel,iii,T,autumn
NA,A,1525+300+400,D.armeniaca,1899-12-31 17:58:00,19.5,18.7,17.4,11,1899-12-31 17:47:00,2,7,gravel,iii,T,autumn
NA,A,2510+200,D.armeniaca,1899-12-31 18:00:00,24.8,25,18.4,13,1899-12-31 17:47:00,1,7,rock,iii,F,autumn
NA,A,4023.0,D.armeniaca,1899-12-31 18:00:00,19.3,19.1,18,13,1899-12-31 17:47:00,2,7,gravel,iii,T,autumn
NA,A,1525+300+400,D.armeniaca,1899-12-31 18:00:00,19.6,19.1,18,13,1899-12-31 17:47:00,2,7,gravel,iii,T,autumn
NA,A,534.0,D.armeniaca,1899-12-31 18:00:00,19.8,19.8,18,13,1899-12-31 17:47:00,1,7,gravel,iii,F,autumn
NA,A,2510+200,D.armeniaca,1899-12-31 18:03:00,23.5,23.6,19.4,16,1899-12-31 17:47:00,1,7,rock,iii,F,autumn
NA,A,4023.0,D.armeniaca,1899-12-31 18:04:00,18.7,18.5,19,17,1899-12-31 17:47:00,2,7,gravel,iii,T,autumn
NA,A,1525+300+400,D.armeniaca,1899-12-31 18:04:00,18.8,18.5,19,17,1899-12-31 17:47:00,2,7,gravel,iii,T,autumn
NA,A,534.0,D.armeniaca,1899-12-31 18:04:00,19.4,19.5,19,17,1899-12-31 17:47:00,1,7,gravel,iii,F,autumn
NA,A,4023.0,D.armeniaca,1899-12-31 18:06:00,18.6,18.5,17.9,19,1899-12-31 17:47:00,2,7,gravel,iii,T,autumn
NA,A,1525+300+400,D.armeniaca,1899-12-31 18:06:00,18.7,18.5,17.9,19,1899-12-31 17:47:00,2,7,gravel,iii,T,autumn
NA,A,534.0,D.armeniaca,1899-12-31 18:06:00,19.4,19.4,17.9,19,1899-12-31 17:47:00,1,7,gravel,iii,F,autumn
NA,A,4023.0,D.armeniaca,1899-12-31 18:08:00,18.7,18.6,18,21,1899-12-31 17:47:00,2,7,gravel,iii,T,autumn
NA,A,1525+300+400,D.armeniaca,1899-12-31 18:08:00,18.7,18.6,18,21,1899-12-31 17:47:00,2,7,gravel,iii,T,autumn
NA,A,534.0,D.armeniaca,1899-12-31 18:08:00,19.3,19.4,18,21,1899-12-31 17:47:00,1,7,gravel,iii,F,autumn
44508.0,A,132.0,D.armeniaca,1899-12-31 13:45:00,25.3,17.1,17.9,3,1899-12-31 13:42:00,1,7,gravel,iv,F,autumn
NA,A,4023.0,D.armeniaca,1899-12-31 13:45:00,23.3,19,17.9,3,1899-12-31 13:42:00,2,7,gravel,iv,T,autumn
NA,A,2510+200,D.armeniaca,1899-12-31 13:45:00,23.5,19.8,17.9,3,1899-12-31 13:42:00,2,7,gravel,iv,T,autumn
NA,A,132.0,D.armeniaca,1899-12-31 13:47:00,23.1,18,17.9,5,1899-12-31 13:42:00,1,7,gravel,iv,F,autumn
NA,A,4023.0,D.armeniaca,1899-12-31 13:47:00,22.2,19.4,17.9,5,1899-12-31 13:42:00,2,7,gravel,iv,T,autumn
NA,A,2510+200,D.armeniaca,1899-12-31 13:47:00,22.3,19.7,17.9,5,1899-12-31 13:42:00,2,7,gravel,iv,T,autumn
NA,A,132.0,D.armeniaca,1899-12-31 13:48:00,21.8,18.2,17.8,6,1899-12-31 13:42:00,1,7,gravel,iv,F,autumn
NA,A,4023.0,D.armeniaca,1899-12-31 13:48:00,21.4,19.4,17.8,6,1899-12-31 13:42:00,2,7,gravel,iv,T,autumn
NA,A,2510+200,D.armeniaca,1899-12-31 13:48:00,21.2,19.7,17.8,6,1899-12-31 13:42:00,2,7,gravel,iv,T,autumn
NA,A,132.0,D.armeniaca,1899-12-31 13:49:00,20.8,18,17.8,7,1899-12-31 13:42:00,1,7,gravel,iv,F,autumn
NA,A,4023.0,D.armeniaca,1899-12-31 13:49:00,20.7,19.1,17.8,7,1899-12-31 13:42:00,2,7,gravel,iv,T,autumn
NA,A,2510+200,D.armeniaca,1899-12-31 13:49:00,20.9,19.7,17.8,7,1899-12-31 13:42:00,2,7,gravel,iv,T,autumn
NA,A,132.0,D.armeniaca,1899-12-31 13:51:00,20.3,18.5,17.8,9,1899-12-31 13:42:00,1,7,gravel,iv,F,autumn
NA,A,4023.0,D.armeniaca,1899-12-31 13:51:00,20.3,19,17.8,9,1899-12-31 13:42:00,2,7,gravel,iv,T,autumn
NA,A,2510+200,D.armeniaca,1899-12-31 13:51:00,20.5,19.8,17.8,9,1899-12-31 13:42:00,2,7,gravel,iv,T,autumn
NA,A,132.0,D.armeniaca,1899-12-31 13:52:00,19.4,18,17.8,10,1899-12-31 13:42:00,1,7,gravel,iv,F,autumn
NA,A,4023.0,D.armeniaca,1899-12-31 13:52:00,19.5,18.3,17.8,10,1899-12-31 13:42:00,2,7,gravel,iv,T,autumn
NA,A,2510+200,D.armeniaca,1899-12-31 13:52:00,19.7,19,17.8,10,1899-12-31 13:42:00,2,7,gravel,iv,T,autumn
NA,A,132.0,D.armeniaca,1899-12-31 13:53:00,19,18,17.7,11,1899-12-31 13:42:00,1,7,gravel,iv,F,autumn
NA,A,4023.0,D.armeniaca,1899-12-31 13:53:00,19.2,18.4,17.7,11,1899-12-31 13:42:00,2,7,gravel,iv,T,autumn
NA,A,2510+200,D.armeniaca,1899-12-31 13:53:00,19.6,18.9,17.7,11,1899-12-31 13:42:00,2,7,gravel,iv,T,autumn
NA,A,132.0,D.armeniaca,1899-12-31 13:54:00,18.7,18.7,17.8,12,1899-12-31 13:42:00,1,7,gravel,iv,F,autumn
NA,A,4023.0,D.armeniaca,1899-12-31 13:54:00,19.1,19.1,17.8,12,1899-12-31 13:42:00,2,7,gravel,iv,T,autumn
NA,A,2510+200,D.armeniaca,1899-12-31 13:54:00,19.2,19.2,17.8,12,1899-12-31 13:42:00,2,7,gravel,iv,T,autumn
NA,A,132.0,D.armeniaca,1899-12-31 13:55:00,18.6,18.6,17.7,13,1899-12-31 13:42:00,1,7,gravel,iv,F,autumn
NA,A,4023.0,D.armeniaca,1899-12-31 13:55:00,19.2,19.2,17.7,13,1899-12-31 13:42:00,2,7,gravel,iv,T,autumn
NA,A,2510+200,D.armeniaca,1899-12-31 13:55:00,19.5,19.5,17.7,13,1899-12-31 13:42:00,2,7,gravel,iv,T,autumn
NA,A,132.0,D.armeniaca,1899-12-31 13:56:00,18.5,18.5,17.6,14,1899-12-31 13:42:00,1,7,gravel,iv,F,autumn
NA,A,4023.0,D.armeniaca,1899-12-31 13:56:00,18.9,18.9,17.6,14,1899-12-31 13:42:00,2,7,gravel,iv,T,autumn
NA,A,2510+200,D.armeniaca,1899-12-31 13:56:00,19.1,19.1,17.6,14,1899-12-31 13:42:00,2,7,gravel,iv,T,autumn
NA,A,133+50,D.armeniaca,1899-12-31 16:38:00,20,16.6,17.8,2,1899-12-31 16:36:00,2,7,gravel,v,T,autumn
NA,A,534.0,D.armeniaca,1899-12-31 16:38:00,28.6,16.6,17.8,2,1899-12-31 16:36:00,2,7,gravel,v,T,autumn
NA,A,4023.0,D.armeniaca,1899-12-31 16:39:00,19.6,18.9,17.8,3,1899-12-31 16:36:00,1,7,gravel,v,F,autumn
NA,A,133+50,D.armeniaca,1899-12-31 16:40:00,19.4,16.7,17.9,4,1899-12-31 16:36:00,2,7,gravel,v,T,autumn
NA,A,534.0,D.armeniaca,1899-12-31 16:40:00,26.1,16.7,17.9,4,1899-12-31 16:36:00,2,7,gravel,v,T,autumn
NA,A,4023.0,D.armeniaca,1899-12-31 16:40:00,19.6,19.1,17.9,4,1899-12-31 16:36:00,1,7,gravel,v,F,autumn
NA,A,133+50,D.armeniaca,1899-12-31 16:41:00,19.4,16.9,18.1,5,1899-12-31 16:36:00,2,7,gravel,v,T,autumn
NA,A,534.0,D.armeniaca,1899-12-31 16:41:00,25.2,16.9,18.1,5,1899-12-31 16:36:00,2,7,gravel,v,T,autumn
NA,A,4023.0,D.armeniaca,1899-12-31 16:41:00,19.4,18.8,18.1,5,1899-12-31 16:36:00,1,7,gravel,v,F,autumn
NA,A,133+50,D.armeniaca,1899-12-31 16:42:00,19.2,16.9,17.8,6,1899-12-31 16:36:00,2,7,gravel,v,T,autumn
NA,A,534.0,D.armeniaca,1899-12-31 16:42:00,24.2,16.9,17.8,6,1899-12-31 16:36:00,2,7,gravel,v,T,autumn
NA,A,4023.0,D.armeniaca,1899-12-31 16:42:00,19.5,19,17.8,6,1899-12-31 16:36:00,1,7,gravel,v,F,autumn
NA,A,133+50,D.armeniaca,1899-12-31 16:43:00,19.1,16.6,17.9,7,1899-12-31 16:36:00,2,7,gravel,v,T,autumn
NA,A,534.0,D.armeniaca,1899-12-31 16:43:00,23.1,16.6,17.9,7,1899-12-31 16:36:00,2,7,gravel,v,T,autumn
NA,A,4023.0,D.armeniaca,1899-12-31 16:43:00,19,18.6,17.9,7,1899-12-31 16:36:00,1,7,gravel,v,F,autumn
NA,A,133+50,D.armeniaca,1899-12-31 16:45:00,19,16.6,17.9,9,1899-12-31 16:36:00,2,7,gravel,v,T,autumn
NA,A,534.0,D.armeniaca,1899-12-31 16:45:00,21.7,16.6,17.9,9,1899-12-31 16:36:00,2,7,gravel,v,T,autumn
NA,A,4023.0,D.armeniaca,1899-12-31 16:45:00,18.8,18.5,17.9,9,1899-12-31 16:36:00,1,7,gravel,v,F,autumn
NA,A,133+50,D.armeniaca,1899-12-31 16:46:00,19.3,16.7,17.8,10,1899-12-31 16:36:00,2,7,gravel,v,T,autumn
NA,A,534.0,D.armeniaca,1899-12-31 16:46:00,21.3,16.7,17.8,10,1899-12-31 16:36:00,2,7,gravel,v,T,autumn
NA,A,4023.0,D.armeniaca,1899-12-31 16:46:00,18.7,18.5,17.8,10,1899-12-31 16:36:00,1,7,gravel,v,F,autumn
NA,A,133+50,D.armeniaca,1899-12-31 16:47:00,18.9,16.6,17.8,11,1899-12-31 16:36:00,2,7,gravel,v,T,autumn
NA,A,534.0,D.armeniaca,1899-12-31 16:47:00,20.5,16.6,17.8,11,1899-12-31 16:36:00,2,7,gravel,v,T,autumn
NA,A,4023.0,D.armeniaca,1899-12-31 16:47:00,18.6,18.3,17.8,11,1899-12-31 16:36:00,1,7,gravel,v,F,autumn
NA,A,133+50,D.armeniaca,1899-12-31 16:49:00,18.5,16.6,17.7,13,1899-12-31 16:36:00,2,7,gravel,v,T,autumn
NA,A,534.0,D.armeniaca,1899-12-31 16:49:00,19.7,16.6,17.7,13,1899-12-31 16:36:00,2,7,gravel,v,T,autumn
NA,A,4023.0,D.armeniaca,1899-12-31 16:49:00,18.6,18.4,17.7,13,1899-12-31 16:36:00,1,7,gravel,v,F,autumn
NA,A,133+50,D.armeniaca,1899-12-31 16:50:00,18.3,16.4,17.7,14,1899-12-31 16:36:00,2,7,gravel,v,T,autumn
NA,A,534.0,D.armeniaca,1899-12-31 16:50:00,19.1,16.4,17.7,14,1899-12-31 16:36:00,2,7,gravel,v,T,autumn
NA,A,4023.0,D.armeniaca,1899-12-31 16:50:00,18.4,18.2,17.7,14,1899-12-31 16:36:00,1,7,gravel,v,F,autumn
NA,A,133+50,D.armeniaca,1899-12-31 16:51:00,18,16.3,17.8,15,1899-12-31 16:36:00,2,7,gravel,v,T,autumn
NA,A,534.0,D.armeniaca,1899-12-31 16:51:00,18.4,16.3,17.8,15,1899-12-31 16:36:00,2,7,gravel,v,T,autumn
NA,A,4023.0,D.armeniaca,1899-12-31 16:51:00,18.2,18,17.8,15,1899-12-31 16:36:00,1,7,gravel,v,F,autumn
NA,A,133+50,D.armeniaca,1899-12-31 16:52:00,18.1,16.9,17.6,16,1899-12-31 16:36:00,2,7,gravel,v,T,autumn
NA,A,534.0,D.armeniaca,1899-12-31 16:52:00,18.3,16.9,17.6,16,1899-12-31 16:36:00,2,7,gravel,v,T,autumn
NA,A,4023.0,D.armeniaca,1899-12-31 16:52:00,18.4,18.2,17.6,16,1899-12-31 16:36:00,1,7,gravel,v,F,autumn
NA,A,133+50,D.armeniaca,1899-12-31 16:53:00,17.6,16.3,17.6,17,1899-12-31 16:36:00,2,7,gravel,v,T,autumn
NA,A,534.0,D.armeniaca,1899-12-31 16:53:00,17.7,16.3,17.6,17,1899-12-31 16:36:00,2,7,gravel,v,T,autumn
NA,A,4023.0,D.armeniaca,1899-12-31 16:54:00,18,17.9,17.6,18,1899-12-31 16:36:00,1,7,gravel,v,F,autumn
NA,A,133+50,D.armeniaca,1899-12-31 16:55:00,17.1,16,17.6,19,1899-12-31 16:36:00,2,7,gravel,v,T,autumn
NA,A,534.0,D.armeniaca,1899-12-31 16:55:00,17.1,16,17.6,19,1899-12-31 16:36:00,2,7,gravel,v,T,autumn
NA,A,4023.0,D.armeniaca,1899-12-31 16:55:00,17.8,17.7,17.6,19,1899-12-31 16:36:00,1,7,gravel,v,F,autumn
NA,A,133+50,D.armeniaca,1899-12-31 16:56:00,17.2,16.1,17.6,20,1899-12-31 16:36:00,2,7,gravel,v,T,autumn
NA,A,534.0,D.armeniaca,1899-12-31 16:56:00,17.1,16.1,17.6,20,1899-12-31 16:36:00,2,7,gravel,v,T,autumn
NA,A,4023.0,D.armeniaca,1899-12-31 16:56:00,17.9,17.8,17.6,20,1899-12-31 16:36:00,1,7,gravel,v,F,autumn
NA,A,133+50,D.armeniaca,1899-12-31 16:57:00,17,16.1,17.6,21,1899-12-31 16:36:00,2,7,gravel,v,T,autumn
NA,A,534.0,D.armeniaca,1899-12-31 16:57:00,16.9,16.1,17.6,21,1899-12-31 16:36:00,2,7,gravel,v,T,autumn
NA,A,4023.0,D.armeniaca,1899-12-31 16:57:00,17.8,17.7,17.6,21,1899-12-31 16:36:00,1,7,gravel,v,F,autumn
NA,A,133+50,D.armeniaca,1899-12-31 16:58:00,17.4,16.6,17.5,22,1899-12-31 16:36:00,2,7,gravel,v,T,autumn
NA,A,534.0,D.armeniaca,1899-12-31 16:58:00,17.4,16.6,17.5,22,1899-12-31 16:36:00,2,7,gravel,v,T,autumn
NA,A,4023.0,D.armeniaca,1899-12-31 16:58:00,18,18,17.5,22,1899-12-31 16:36:00,1,7,gravel,v,F,autumn
NA,A,133+50,D.armeniaca,1899-12-31 16:59:00,17.1,16.3,17.5,23,1899-12-31 16:36:00,2,7,gravel,v,T,autumn
NA,A,534.0,D.armeniaca,1899-12-31 16:59:00,17,16.3,17.5,23,1899-12-31 16:36:00,2,7,gravel,v,T,autumn
NA,A,4023.0,D.armeniaca,1899-12-31 16:59:00,17.8,17.7,17.5,23,1899-12-31 16:36:00,1,7,gravel,v,F,autumn
NA,A,133+50,D.armeniaca,1899-12-31 17:00:00,17.3,16.4,17.5,24,1899-12-31 16:36:00,2,7,gravel,v,T,autumn
NA,A,534.0,D.armeniaca,1899-12-31 17:00:00,17.2,16.4,17.5,24,1899-12-31 16:36:00,2,7,gravel,v,T,autumn
NA,A,4023.0,D.armeniaca,1899-12-31 17:00:00,18.1,18,17.5,24,1899-12-31 16:36:00,1,7,gravel,v,F,autumn
NA,A,133+50,D.armeniaca,1899-12-31 17:01:00,17,16.2,17.6,25,1899-12-31 16:36:00,2,7,gravel,v,T,autumn
NA,A,534.0,D.armeniaca,1899-12-31 17:01:00,17,16.2,17.6,25,1899-12-31 16:36:00,2,7,gravel,v,T,autumn
NA,A,4023.0,D.armeniaca,1899-12-31 17:01:00,17.6,17.5,17.6,25,1899-12-31 16:36:00,1,7,gravel,v,F,autumn
NA,A,133+50,D.armeniaca,1899-12-31 17:02:00,16.9,16.1,17.6,26,1899-12-31 16:36:00,2,7,gravel,v,T,autumn
NA,A,534.0,D.armeniaca,1899-12-31 17:02:00,16.8,16.1,17.6,26,1899-12-31 16:36:00,2,7,gravel,v,T,autumn
NA,A,4023.0,D.armeniaca,1899-12-31 17:02:00,17.8,17.8,17.6,26,1899-12-31 16:36:00,1,7,gravel,v,F,autumn
NA,A,133+50,D.armeniaca,1899-12-31 17:03:00,16.9,16.2,17.6,27,1899-12-31 16:36:00,2,7,gravel,v,T,autumn
NA,A,534.0,D.armeniaca,1899-12-31 17:03:00,16.8,16.2,17.6,27,1899-12-31 16:36:00,2,7,gravel,v,T,autumn
NA,A,4023.0,D.armeniaca,1899-12-31 17:03:00,17.9,17.7,17.6,27,1899-12-31 16:36:00,1,7,gravel,v,F,autumn
NA,A,133+50,D.armeniaca,1899-12-31 17:04:00,16.8,16.1,17.4,28,1899-12-31 16:36:00,2,7,gravel,v,T,autumn
NA,A,534.0,D.armeniaca,1899-12-31 17:04:00,16.7,16.1,17.4,28,1899-12-31 16:36:00,2,7,gravel,v,T,autumn
NA,A,4023.0,D.armeniaca,1899-12-31 17:04:00,17.6,17.6,17.4,28,1899-12-31 16:36:00,1,7,gravel,v,F,autumn
NA,A,133+50,D.armeniaca,1899-12-31 17:05:00,16.9,16.1,17.3,29,1899-12-31 16:36:00,2,7,gravel,v,T,autumn
NA,A,534.0,D.armeniaca,1899-12-31 17:05:00,16.7,16.1,17.3,29,1899-12-31 16:36:00,2,7,gravel,v,T,autumn
NA,A,4023.0,D.armeniaca,1899-12-31 17:05:00,17.7,17.7,17.3,29,1899-12-31 16:36:00,1,7,gravel,v,F,autumn
NA,A,133+50,D.armeniaca,1899-12-31 17:06:00,16.5,15.7,17.3,30,1899-12-31 16:36:00,2,7,gravel,v,T,autumn
NA,A,534.0,D.armeniaca,1899-12-31 17:06:00,16.2,15.7,17.3,30,1899-12-31 16:36:00,2,7,gravel,v,T,autumn
NA,A,4023.0,D.armeniaca,1899-12-31 17:06:00,17.6,17.6,17.3,30,1899-12-31 16:36:00,1,7,gravel,v,F,autumn
NA,A,133+50,D.armeniaca,1899-12-31 17:08:00,16.6,15.7,17.2,32,1899-12-31 16:36:00,2,7,gravel,v,T,autumn
NA,A,534.0,D.armeniaca,1899-12-31 17:08:00,16.4,15.7,17.2,32,1899-12-31 16:36:00,2,7,gravel,v,T,autumn
NA,A,4023.0,D.armeniaca,1899-12-31 17:08:00,17.5,17.5,17.2,32,1899-12-31 16:36:00,1,7,gravel,v,F,autumn
NA,A,133+50,D.armeniaca,1899-12-31 17:09:00,16.7,16.1,17.3,33,1899-12-31 16:36:00,2,7,gravel,v,T,autumn
NA,A,534.0,D.armeniaca,1899-12-31 17:09:00,16.5,16.1,17.3,33,1899-12-31 16:36:00,2,7,gravel,v,T,autumn
NA,A,4023.0,D.armeniaca,1899-12-31 17:09:00,17.7,17.7,17.3,33,1899-12-31 16:36:00,1,7,gravel,v,F,autumn
NA,A,133+50,D.armeniaca,1899-12-31 17:10:00,16.3,15.7,17.3,34,1899-12-31 16:36:00,2,7,gravel,v,T,autumn
NA,A,534.0,D.armeniaca,1899-12-31 17:10:00,16.1,15.7,17.3,34,1899-12-31 16:36:00,2,7,gravel,v,T,autumn
NA,A,4023.0,D.armeniaca,1899-12-31 17:10:00,17.5,17.5,17.3,34,1899-12-31 16:36:00,1,7,gravel,v,F,autumn
NA,A,133+50,D.armeniaca,1899-12-31 17:11:00,16.3,15.9,17.4,35,1899-12-31 16:36:00,2,7,gravel,v,T,autumn
NA,A,534.0,D.armeniaca,1899-12-31 17:11:00,16.2,15.9,17.4,35,1899-12-31 16:36:00,2,7,gravel,v,T,autumn
NA,A,4023.0,D.armeniaca,1899-12-31 17:11:00,17.6,17.5,17.4,35,1899-12-31 16:36:00,1,7,gravel,v,F,autumn
NA,A,133+50,D.armeniaca,1899-12-31 17:12:00,16.3,15.7,17.2,36,1899-12-31 16:36:00,2,7,gravel,v,T,autumn
NA,A,534.0,D.armeniaca,1899-12-31 17:12:00,16.1,15.7,17.2,36,1899-12-31 16:36:00,2,7,gravel,v,T,autumn
NA,A,4023.0,D.armeniaca,1899-12-31 17:12:00,17.6,17.5,17.2,36,1899-12-31 16:36:00,1,7,gravel,v,F,autumn
NA,A,133+50,D.armeniaca,1899-12-31 17:14:00,16.4,15.8,17.2,38,1899-12-31 16:36:00,2,7,gravel,v,T,autumn
NA,A,534.0,D.armeniaca,1899-12-31 17:14:00,16.3,15.8,17.2,38,1899-12-31 16:36:00,2,7,gravel,v,T,autumn
NA,A,4023.0,D.armeniaca,1899-12-31 17:14:00,17.4,17.3,17.2,38,1899-12-31 16:36:00,1,7,gravel,v,F,autumn
NA,A,133+50,D.armeniaca,1899-12-31 17:16:00,16.4,15.6,17.1,40,1899-12-31 16:36:00,2,7,gravel,v,T,autumn
NA,A,534.0,D.armeniaca,1899-12-31 17:16:00,16.2,15.6,17.1,40,1899-12-31 16:36:00,2,7,gravel,v,T,autumn
NA,A,4023.0,D.armeniaca,1899-12-31 17:16:00,17.1,17.1,17.1,40,1899-12-31 16:36:00,1,7,gravel,v,F,autumn
NA,A,133+50,D.armeniaca,1899-12-31 17:18:00,16.1,15.8,17,42,1899-12-31 16:36:00,2,7,gravel,v,T,autumn
NA,A,534.0,D.armeniaca,1899-12-31 17:18:00,15.9,15.8,17,42,1899-12-31 16:36:00,2,7,gravel,v,T,autumn
NA,A,4023.0,D.armeniaca,1899-12-31 17:18:00,17.1,17.1,17,42,1899-12-31 16:36:00,1,7,gravel,v,F,autumn
NA,A,133+50,D.armeniaca,1899-12-31 17:20:00,16.2,15.5,17,44,1899-12-31 16:36:00,2,7,gravel,v,T,autumn
NA,A,534.0,D.armeniaca,1899-12-31 17:20:00,16.1,15.5,17,44,1899-12-31 16:36:00,2,7,gravel,v,T,autumn
NA,A,4023.0,D.armeniaca,1899-12-31 17:20:00,17,16.9,17,44,1899-12-31 16:36:00,1,7,gravel,v,F,autumn
NA,A,534.0,D.armeniaca,1899-12-31 12:29:00,13.7,13.1,14.2,29,1899-12-31 12:00:00,1,7,gravel,NA,F,autumn
NA,A,424.0,D.armeniaca,1899-12-31 12:30:00,14.7,14.4,14.2,30,1899-12-31 12:00:00,1,7,gravel,NA,F,autumn
NA,A,4023.0,D.armeniaca,1899-12-31 12:31:00,13.9,13.4,13.8,31,1899-12-31 12:00:00,1,7,gravel,NA,F,autumn
NA,A,133+50,D.armeniaca,1899-12-31 14:13:00,29.6,26.7,16.2,5,1899-12-31 14:08:00,1,7,rock,NA,F,autumn
NA,A,4023.0,D.armeniaca,1899-12-31 14:28:00,15.7,14.7,14.6,20,1899-12-31 14:08:00,1,7,gravel,NA,F,autumn
NA,A,4023.0,D.armeniaca,1899-12-31 14:32:00,14.9,14.4,14.7,24,1899-12-31 14:08:00,1,7,gravel,NA,F,autumn
44510.0,A,133+50,D.armeniaca,1899-12-31 12:49:00,27.6,24.6,15,2,1899-12-31 12:47:00,1,7,rock,NA,F,autumn
NA,A,133+50,D.armeniaca,1899-12-31 12:50:00,25.4,23.4,15,3,1899-12-31 12:47:00,1,7,rock,NA,F,autumn
NA,A,1525+300+400,D.armeniaca,1899-12-31 12:52:00,20.2,13.1,13.4,5,1899-12-31 12:47:00,1,7,gravel,NA,F,autumn
NA,A,534.0,D.armeniaca,1899-12-31 12:52:00,22.2,13.5,13.4,5,1899-12-31 12:47:00,1,7,gravel,NA,F,autumn
NA,A,534.0,D.armeniaca,1899-12-31 12:54:00,20.6,13.4,13.3,7,1899-12-31 12:47:00,2,7,gravel,vi,T,autumn
NA,A,1525+300+400,D.armeniaca,1899-12-31 12:54:00,19.8,13.4,13.3,7,1899-12-31 12:47:00,2,7,gravel,vi,T,autumn
NA,A,534.0,D.armeniaca,1899-12-31 12:55:00,19.9,13.4,13.8,8,1899-12-31 12:47:00,2,7,gravel,vi,T,autumn
NA,A,1525+300+400,D.armeniaca,1899-12-31 12:55:00,18.8,13.4,13.8,8,1899-12-31 12:47:00,2,7,gravel,vi,T,autumn
NA,A,132.0,D.armeniaca,1899-12-31 12:55:00,16.7,13.2,14.1,8,1899-12-31 12:47:00,1,7,gravel,vi,F,autumn
NA,A,534.0,D.armeniaca,1899-12-31 12:56:00,19.1,13.7,13.3,9,1899-12-31 12:47:00,2,7,gravel,vi,T,autumn
NA,A,1525+300+400,D.armeniaca,1899-12-31 12:56:00,17.9,13.7,13.3,9,1899-12-31 12:47:00,2,7,gravel,vi,T,autumn
NA,A,132.0,D.armeniaca,1899-12-31 12:56:00,15.4,13.4,13.5,9,1899-12-31 12:47:00,1,7,gravel,vi,F,autumn
NA,A,534.0,D.armeniaca,1899-12-31 12:58:00,18,13.5,13.3,11,1899-12-31 12:47:00,2,7,gravel,vi,T,autumn
NA,A,1525+300+400,D.armeniaca,1899-12-31 12:58:00,17.4,13.5,13.3,11,1899-12-31 12:47:00,2,7,gravel,vi,T,autumn
NA,A,132.0,D.armeniaca,1899-12-31 12:58:00,14.6,12.8,13.8,11,1899-12-31 12:47:00,1,7,gravel,vi,F,autumn
NA,A,534.0,D.armeniaca,1899-12-31 12:59:00,17.5,13.7,13.2,12,1899-12-31 12:47:00,2,7,gravel,vi,T,autumn
NA,A,1525+300+400,D.armeniaca,1899-12-31 12:59:00,16.7,13.7,13.2,12,1899-12-31 12:47:00,2,7,gravel,vi,T,autumn
NA,A,132.0,D.armeniaca,1899-12-31 12:59:00,14.3,13.1,13.8,12,1899-12-31 12:47:00,1,7,gravel,vi,F,autumn
NA,A,534.0,D.armeniaca,1899-12-31 13:00:00,16.7,13.8,13.2,13,1899-12-31 12:47:00,2,7,gravel,vi,T,autumn
NA,A,1525+300+400,D.armeniaca,1899-12-31 13:00:00,16.2,13.8,13.2,13,1899-12-31 12:47:00,2,7,gravel,vi,T,autumn
NA,A,132.0,D.armeniaca,1899-12-31 13:00:00,14.1,13.2,13.5,13,1899-12-31 12:47:00,1,7,gravel,vi,F,autumn
NA,A,534.0,D.armeniaca,1899-12-31 13:01:00,16,13.6,13.1,14,1899-12-31 12:47:00,2,7,gravel,vi,T,autumn
NA,A,1525+300+400,D.armeniaca,1899-12-31 13:01:00,15.3,13.6,13.1,14,1899-12-31 12:47:00,2,7,gravel,vi,T,autumn
NA,A,132.0,D.armeniaca,1899-12-31 13:01:00,13.3,12.7,13.6,14,1899-12-31 12:47:00,1,7,gravel,vi,F,autumn
NA,A,534.0,D.armeniaca,1899-12-31 13:02:00,15.3,13.5,13.1,15,1899-12-31 12:47:00,2,7,gravel,vi,T,autumn
NA,A,1525+300+400,D.armeniaca,1899-12-31 13:02:00,14.8,13.5,13.1,15,1899-12-31 12:47:00,2,7,gravel,vi,T,autumn
NA,A,132.0,D.armeniaca,1899-12-31 13:02:00,13,12.6,13.4,15,1899-12-31 12:47:00,1,7,gravel,vi,F,autumn
NA,A,534.0,D.armeniaca,1899-12-31 13:03:00,14.8,13.2,13.1,16,1899-12-31 12:47:00,2,7,gravel,vi,T,autumn
NA,A,1525+300+400,D.armeniaca,1899-12-31 13:03:00,14.5,13.2,13.1,16,1899-12-31 12:47:00,2,7,gravel,vi,T,autumn
NA,A,132.0,D.armeniaca,1899-12-31 13:03:00,12.8,12.4,13.4,16,1899-12-31 12:47:00,1,7,gravel,vi,F,autumn
NA,A,534.0,D.armeniaca,1899-12-31 13:04:00,14.7,13.3,13.3,17,1899-12-31 12:47:00,2,7,gravel,vi,T,autumn
NA,A,1525+300+400,D.armeniaca,1899-12-31 13:04:00,14.3,13.3,13.3,17,1899-12-31 12:47:00,2,7,gravel,vi,T,autumn
NA,A,132.0,D.armeniaca,1899-12-31 13:04:00,13,12.5,13.5,17,1899-12-31 12:47:00,1,7,gravel,vi,F,autumn
NA,A,534.0,D.armeniaca,1899-12-31 13:05:00,14.7,13.5,13.4,18,1899-12-31 12:47:00,2,7,gravel,vi,T,autumn
NA,A,1525+300+400,D.armeniaca,1899-12-31 13:05:00,14.3,13.5,13.4,18,1899-12-31 12:47:00,2,7,gravel,vi,T,autumn
NA,A,132.0,D.armeniaca,1899-12-31 13:05:00,12.9,12.4,13.5,18,1899-12-31 12:47:00,1,7,gravel,vi,F,autumn
NA,A,534.0,D.armeniaca,1899-12-31 13:06:00,14.1,13.2,13.1,19,1899-12-31 12:47:00,2,7,gravel,vi,T,autumn
NA,A,1525+300+400,D.armeniaca,1899-12-31 13:06:00,13.7,13.2,13.1,19,1899-12-31 12:47:00,2,7,gravel,vi,T,autumn
NA,A,132.0,D.armeniaca,1899-12-31 13:06:00,12.7,12.3,13.3,19,1899-12-31 12:47:00,1,7,gravel,vi,F,autumn
NA,A,534.0,D.armeniaca,1899-12-31 13:07:00,14,13.3,13.1,20,1899-12-31 12:47:00,2,7,gravel,vi,T,autumn
NA,A,1525+300+400,D.armeniaca,1899-12-31 13:07:00,13.8,13.3,13.1,20,1899-12-31 12:47:00,2,7,gravel,vi,T,autumn
NA,A,132.0,D.armeniaca,1899-12-31 13:07:00,12.6,12.3,13.4,20,1899-12-31 12:47:00,1,7,gravel,vi,F,autumn
NA,A,534.0,D.armeniaca,1899-12-31 13:08:00,13.9,13.1,13.1,21,1899-12-31 12:47:00,2,7,gravel,vi,T,autumn
NA,A,1525+300+400,D.armeniaca,1899-12-31 13:08:00,13.6,13.1,13.1,21,1899-12-31 12:47:00,2,7,gravel,vi,T,autumn
NA,A,132.0,D.armeniaca,1899-12-31 13:08:00,12.5,12.2,13.3,21,1899-12-31 12:47:00,1,7,gravel,vi,F,autumn
NA,A,534.0,D.armeniaca,1899-12-31 13:10:00,13.7,13.1,13.3,23,1899-12-31 12:47:00,2,7,gravel,vi,T,autumn
NA,A,1525+300+400,D.armeniaca,1899-12-31 13:10:00,13.3,13.1,13.3,23,1899-12-31 12:47:00,2,7,gravel,vi,T,autumn
NA,A,132.0,D.armeniaca,1899-12-31 13:10:00,12.4,12.1,13.4,23,1899-12-31 12:47:00,1,7,gravel,vi,F,autumn
NA,A,534.0,D.armeniaca,1899-12-31 13:11:00,13.5,13.1,13.2,24,1899-12-31 12:47:00,2,7,gravel,vi,T,autumn
NA,A,1525+300+400,D.armeniaca,1899-12-31 13:11:00,13.3,13.1,13.2,24,1899-12-31 12:47:00,2,7,gravel,vi,T,autumn
NA,A,132.0,D.armeniaca,1899-12-31 13:11:00,12.6,12.3,13.4,24,1899-12-31 12:47:00,1,7,gravel,vi,F,autumn
NA,A,534.0,D.armeniaca,1899-12-31 13:12:00,13.5,13.2,13.3,25,1899-12-31 12:47:00,2,7,gravel,vi,T,autumn
NA,A,1525+300+400,D.armeniaca,1899-12-31 13:12:00,13.3,13.2,13.3,25,1899-12-31 12:47:00,2,7,gravel,vi,T,autumn
NA,A,132.0,D.armeniaca,1899-12-31 13:12:00,12.6,12.4,13.4,25,1899-12-31 12:47:00,1,7,gravel,vi,F,autumn
NA,A,534.0,D.armeniaca,1899-12-31 13:13:00,12.9,12.6,13.3,26,1899-12-31 12:47:00,2,7,gravel,vi,T,autumn
NA,A,1525+300+400,D.armeniaca,1899-12-31 13:13:00,12.8,12.6,13.3,26,1899-12-31 12:47:00,2,7,gravel,vi,T,autumn
NA,A,132.0,D.armeniaca,1899-12-31 13:13:00,12,11.8,13.4,26,1899-12-31 12:47:00,1,7,gravel,vi,F,autumn
NA,A,534.0,D.armeniaca,1899-12-31 13:14:00,12.7,12.5,13.2,27,1899-12-31 12:47:00,2,7,gravel,vi,T,autumn
NA,A,1525+300+400,D.armeniaca,1899-12-31 13:14:00,12.6,12.5,13.2,27,1899-12-31 12:47:00,2,7,gravel,vi,T,autumn
NA,A,132.0,D.armeniaca,1899-12-31 13:14:00,12.1,11.9,13,27,1899-12-31 12:47:00,1,7,gravel,vi,F,autumn
NA,A,534.0,D.armeniaca,1899-12-31 13:16:00,12.8,12.5,13.2,29,1899-12-31 12:47:00,2,7,gravel,vi,T,autumn
NA,A,1525+300+400,D.armeniaca,1899-12-31 13:16:00,12.6,12.5,13.2,29,1899-12-31 12:47:00,2,7,gravel,vi,T,autumn
NA,A,132.0,D.armeniaca,1899-12-31 13:16:00,12.1,11.9,13,29,1899-12-31 12:47:00,1,7,gravel,vi,F,autumn
NA,A,534.0,D.armeniaca,1899-12-31 13:18:00,12.6,12.4,13.2,31,1899-12-31 12:47:00,2,7,gravel,vi,T,autumn
NA,A,1525+300+400,D.armeniaca,1899-12-31 13:18:00,12.5,12.4,13.2,31,1899-12-31 12:47:00,2,7,gravel,vi,T,autumn
NA,A,132.0,D.armeniaca,1899-12-31 13:18:00,11.8,11.6,13.2,31,1899-12-31 12:47:00,1,7,gravel,vi,F,autumn
NA,A,534.0,D.armeniaca,1899-12-31 13:20:00,12.6,12.5,13.4,33,1899-12-31 12:47:00,2,7,gravel,vi,T,autumn
NA,A,1525+300+400,D.armeniaca,1899-12-31 13:20:00,12.5,12.5,13.4,33,1899-12-31 12:47:00,2,7,gravel,vi,T,autumn
NA,A,132.0,D.armeniaca,1899-12-31 13:20:00,11.7,11.6,13.3,33,1899-12-31 12:47:00,1,7,gravel,vi,F,autumn
NA,A,534.0,D.armeniaca,1899-12-31 13:22:00,12.7,12.6,13.2,35,1899-12-31 12:47:00,2,7,gravel,vi,T,autumn
NA,A,1525+300+400,D.armeniaca,1899-12-31 13:22:00,12.6,12.6,13.2,35,1899-12-31 12:47:00,2,7,gravel,vi,T,autumn
NA,A,132.0,D.armeniaca,1899-12-31 13:22:00,11.7,11.6,13.1,35,1899-12-31 12:47:00,1,7,gravel,vi,F,autumn
NA,A,534.0,D.armeniaca,1899-12-31 13:23:00,12.6,12.6,13.2,36,1899-12-31 12:47:00,2,7,gravel,vi,T,autumn
NA,A,1525+300+400,D.armeniaca,1899-12-31 13:23:00,12.6,12.6,13.2,36,1899-12-31 12:47:00,2,7,gravel,vi,T,autumn
NA,A,132.0,D.armeniaca,1899-12-31 13:23:00,11.8,11.7,13.2,36,1899-12-31 12:47:00,1,7,gravel,vi,F,autumn
NA,A,534.0,D.armeniaca,1899-12-31 13:25:00,12.3,12.3,13.3,38,1899-12-31 12:47:00,2,7,gravel,vi,T,autumn
NA,A,1525+300+400,D.armeniaca,1899-12-31 13:25:00,12.3,12.3,13.3,38,1899-12-31 12:47:00,2,7,gravel,vi,T,autumn
NA,A,132.0,D.armeniaca,1899-12-31 13:25:00,11.4,11.4,13.2,38,1899-12-31 12:47:00,1,7,gravel,vi,F,autumn
NA,A,534.0,D.armeniaca,1899-12-31 13:27:00,12.8,12.7,13.1,40,1899-12-31 12:47:00,2,7,gravel,vi,T,autumn
NA,A,1525+300+400,D.armeniaca,1899-12-31 13:27:00,12.6,12.7,13.1,40,1899-12-31 12:47:00,2,7,gravel,vi,T,autumn
NA,A,132.0,D.armeniaca,1899-12-31 13:27:00,11.8,11.8,13,40,1899-12-31 12:47:00,1,7,gravel,vi,F,autumn
NA,A,534.0,D.armeniaca,1899-12-31 16:28:00,15.1,14.7,14.4,2,1899-12-31 16:26:00,3,7,gravel,vii,T,autumn
NA,A,4023.0,D.armeniaca,1899-12-31 16:28:00,15,14.7,14.4,2,1899-12-31 16:26:00,3,7,gravel,vii,T,autumn
NA,A,2510+200,D.armeniaca,1899-12-31 16:28:00,15.1,14.7,14.4,2,1899-12-31 16:26:00,3,7,gravel,vii,T,autumn
NA,A,133+50,D.armeniaca,1899-12-31 16:28:00,25.3,14.7,14.5,2,1899-12-31 16:26:00,1,7,gravel,vii,F,autumn
NA,A,534.0,D.armeniaca,1899-12-31 16:30:00,15.1,14.7,14.3,4,1899-12-31 16:26:00,3,7,gravel,vii,T,autumn
NA,A,2510+200,D.armeniaca,1899-12-31 16:30:00,15,14.7,14.3,4,1899-12-31 16:26:00,3,7,gravel,vii,T,autumn
NA,A,4023.0,D.armeniaca,1899-12-31 16:30:00,15,14.7,14.3,4,1899-12-31 16:26:00,3,7,gravel,vii,T,autumn
NA,A,424.0,D.armeniaca,1899-12-31 16:32:00,14.9,14.7,14.4,6,1899-12-31 16:26:00,1,7,gravel,vii,F,autumn
NA,A,534.0,D.armeniaca,1899-12-31 16:34:00,14.6,14.4,14.3,8,1899-12-31 16:26:00,3,7,gravel,vii,T,autumn
NA,A,2510+200,D.armeniaca,1899-12-31 16:34:00,14.6,14.4,14.3,8,1899-12-31 16:26:00,3,7,gravel,vii,T,autumn
NA,A,4023.0,D.armeniaca,1899-12-31 16:34:00,14.6,14.4,14.3,8,1899-12-31 16:26:00,3,7,gravel,vii,T,autumn
NA,A,424.0,D.armeniaca,1899-12-31 16:34:00,15,14.8,14.4,8,1899-12-31 16:26:00,1,7,gravel,vii,F,autumn
NA,A,534.0,D.armeniaca,1899-12-31 16:35:00,14.9,14.6,14.3,9,1899-12-31 16:26:00,3,7,gravel,vii,T,autumn
NA,A,2510+200,D.armeniaca,1899-12-31 16:35:00,14.9,14.6,14.3,9,1899-12-31 16:26:00,3,7,gravel,vii,T,autumn
NA,A,4023.0,D.armeniaca,1899-12-31 16:35:00,14.8,14.6,14.3,9,1899-12-31 16:26:00,3,7,gravel,vii,T,autumn
NA,A,424.0,D.armeniaca,1899-12-31 16:35:00,14.9,14.6,14.5,9,1899-12-31 16:26:00,1,7,gravel,vii,F,autumn
NA,A,534.0,D.armeniaca,1899-12-31 16:36:00,14.7,14.5,14.3,10,1899-12-31 16:26:00,3,7,gravel,vii,T,autumn
NA,A,2510+200,D.armeniaca,1899-12-31 16:36:00,14.7,14.5,14.3,10,1899-12-31 16:26:00,3,7,gravel,vii,T,autumn
NA,A,4023.0,D.armeniaca,1899-12-31 16:36:00,14.7,14.5,14.3,10,1899-12-31 16:26:00,3,7,gravel,vii,T,autumn
NA,A,424.0,D.armeniaca,1899-12-31 16:36:00,14.6,14.5,14.4,10,1899-12-31 16:26:00,1,7,gravel,vii,F,autumn
NA,A,534.0,D.armeniaca,1899-12-31 16:38:00,14.6,14.5,14.2,12,1899-12-31 16:26:00,3,7,gravel,vii,T,autumn
NA,A,2510+200,D.armeniaca,1899-12-31 16:38:00,14.5,14.5,14.2,12,1899-12-31 16:26:00,3,7,gravel,vii,T,autumn
NA,A,4023.0,D.armeniaca,1899-12-31 16:38:00,14.5,14.5,14.2,12,1899-12-31 16:26:00,3,7,gravel,vii,T,autumn
NA,A,424.0,D.armeniaca,1899-12-31 16:38:00,14.6,14.4,14.4,12,1899-12-31 16:26:00,1,7,gravel,vii,F,autumn
NA,A,534.0,D.armeniaca,1899-12-31 16:39:00,14.5,14.3,14.3,13,1899-12-31 16:26:00,3,7,gravel,vii,T,autumn
NA,A,2510+200,D.armeniaca,1899-12-31 16:39:00,14.5,14.3,14.3,13,1899-12-31 16:26:00,3,7,gravel,vii,T,autumn
NA,A,4023.0,D.armeniaca,1899-12-31 16:39:00,14.4,14.3,14.3,13,1899-12-31 16:26:00,3,7,gravel,vii,T,autumn
NA,A,424.0,D.armeniaca,1899-12-31 16:39:00,14.3,14.2,14.4,13,1899-12-31 16:26:00,1,7,gravel,vii,F,autumn
NA,A,534.0,D.armeniaca,1899-12-31 16:40:00,14.4,14.2,14.2,14,1899-12-31 16:26:00,3,7,gravel,vii,T,autumn
NA,A,2510+200,D.armeniaca,1899-12-31 16:40:00,14.4,14.2,14.2,14,1899-12-31 16:26:00,3,7,gravel,vii,T,autumn
NA,A,4023.0,D.armeniaca,1899-12-31 16:40:00,14.3,14.2,14.2,14,1899-12-31 16:26:00,3,7,gravel,vii,T,autumn
NA,A,424.0,D.armeniaca,1899-12-31 16:41:00,14.3,14.2,14.4,15,1899-12-31 16:26:00,1,7,gravel,vii,F,autumn
NA,A,534.0,D.armeniaca,1899-12-31 16:42:00,14.3,14.2,14,16,1899-12-31 16:26:00,3,7,gravel,vii,T,autumn
NA,A,2510+200,D.armeniaca,1899-12-31 16:42:00,14.3,14.2,14,16,1899-12-31 16:26:00,3,7,gravel,vii,T,autumn
NA,A,4023.0,D.armeniaca,1899-12-31 16:42:00,14.2,14.2,14,16,1899-12-31 16:26:00,3,7,gravel,vii,T,autumn
NA,A,424.0,D.armeniaca,1899-12-31 16:42:00,14.3,14.2,14.3,16,1899-12-31 16:26:00,1,7,gravel,vii,F,autumn
NA,A,534.0,D.armeniaca,1899-12-31 16:43:00,14.2,14.1,14,17,1899-12-31 16:26:00,3,7,gravel,vii,T,autumn
NA,A,2510+200,D.armeniaca,1899-12-31 16:43:00,14.2,14.2,14,17,1899-12-31 16:26:00,3,7,gravel,vii,T,autumn
NA,A,4023.0,D.armeniaca,1899-12-31 16:43:00,14.2,14.2,14,17,1899-12-31 16:26:00,3,7,gravel,vii,T,autumn
NA,A,424.0,D.armeniaca,1899-12-31 16:43:00,14.3,14.2,14.3,17,1899-12-31 16:26:00,1,7,gravel,vii,F,autumn
NA,A,534.0,D.armeniaca,1899-12-31 16:45:00,14.2,14.1,14.1,19,1899-12-31 16:26:00,3,7,gravel,vii,T,autumn
NA,A,2510+200,D.armeniaca,1899-12-31 16:45:00,14.2,14.1,14.1,19,1899-12-31 16:26:00,3,7,gravel,vii,T,autumn
NA,A,4023.0,D.armeniaca,1899-12-31 16:45:00,14.2,14.1,14.1,19,1899-12-31 16:26:00,3,7,gravel,vii,T,autumn
NA,A,424.0,D.armeniaca,1899-12-31 16:45:00,14.2,14.1,14.3,19,1899-12-31 16:26:00,1,7,gravel,vii,F,autumn
NA,A,534.0,D.armeniaca,1899-12-31 16:46:00,14,13.9,13.9,20,1899-12-31 16:26:00,3,7,gravel,vii,T,autumn
NA,A,2510+200,D.armeniaca,1899-12-31 16:46:00,14,13.9,13.9,20,1899-12-31 16:26:00,3,7,gravel,vii,T,autumn
NA,A,4023.0,D.armeniaca,1899-12-31 16:46:00,14,13.9,13.9,20,1899-12-31 16:26:00,3,7,gravel,vii,T,autumn
NA,A,424.0,D.armeniaca,1899-12-31 16:46:00,13.9,13.8,14.1,20,1899-12-31 16:26:00,1,7,gravel,vii,F,autumn
NA,A,534.0,D.armeniaca,1899-12-31 16:53:00,13.9,13.8,14,27,1899-12-31 16:26:00,3,7,gravel,vii,T,autumn
NA,A,2510+200,D.armeniaca,1899-12-31 16:53:00,13.9,13.8,14,27,1899-12-31 16:26:00,3,7,gravel,vii,T,autumn
NA,A,4023.0,D.armeniaca,1899-12-31 16:53:00,13.9,13.8,14,27,1899-12-31 16:26:00,3,7,gravel,vii,T,autumn
NA,A,424.0,D.armeniaca,1899-12-31 16:53:00,13.7,13.7,14.3,27,1899-12-31 16:26:00,1,7,gravel,vii,F,autumn
NA,A,534.0,D.armeniaca,1899-12-31 16:59:00,13.1,13.1,13.9,33,1899-12-31 16:26:00,3,7,gravel,vii,T,autumn
NA,A,2510+200,D.armeniaca,1899-12-31 16:59:00,13.2,13.1,13.9,33,1899-12-31 16:26:00,3,7,gravel,vii,T,autumn
NA,A,4023.0,D.armeniaca,1899-12-31 16:59:00,13.1,13.1,13.9,33,1899-12-31 16:26:00,3,7,gravel,vii,T,autumn
NA,A,424.0,D.armeniaca,1899-12-31 17:00:00,13.1,13.1,14,34,1899-12-31 16:26:00,1,7,gravel,vii,F,autumn
NA,A,424.0,D.armeniaca,1899-12-31 17:51:00,17.1,15.2,14.8,2,1899-12-31 17:49:00,2,7,gravel,viii,T,autumn
NA,A,2510+200,D.armeniaca,1899-12-31 17:51:00,16.5,15.2,14.8,2,1899-12-31 17:49:00,2,7,gravel,viii,T,autumn
NA,A,534.0,D.armeniaca,1899-12-31 17:52:00,20.5,14.8,14.6,3,1899-12-31 17:49:00,1,7,gravel,viii,F,autumn
NA,A,424.0,D.armeniaca,1899-12-31 17:54:00,15.9,14.5,14.5,5,1899-12-31 17:49:00,2,7,gravel,viii,T,autumn
NA,A,2510+200,D.armeniaca,1899-12-31 17:54:00,15.7,14.5,14.5,5,1899-12-31 17:49:00,2,7,gravel,viii,T,autumn
NA,A,534.0,D.armeniaca,1899-12-31 17:54:00,17.8,15.1,14.6,5,1899-12-31 17:49:00,1,7,gravel,viii,F,autumn
NA,A,424.0,D.armeniaca,1899-12-31 17:56:00,15,14.3,14.3,7,1899-12-31 17:49:00,2,7,gravel,viii,T,autumn
NA,A,2510+200,D.armeniaca,1899-12-31 17:56:00,14.8,14.3,14.3,7,1899-12-31 17:49:00,2,7,gravel,viii,T,autumn
NA,A,534.0,D.armeniaca,1899-12-31 17:57:00,16.8,15.1,14.6,8,1899-12-31 17:49:00,1,7,gravel,viii,F,autumn
NA,A,424.0,D.armeniaca,1899-12-31 17:59:00,15.1,14.4,14.3,10,1899-12-31 17:49:00,2,7,gravel,viii,T,autumn
NA,A,2510+200,D.armeniaca,1899-12-31 17:59:00,15.1,14.4,14.3,10,1899-12-31 17:49:00,2,7,gravel,viii,T,autumn
NA,A,534.0,D.armeniaca,1899-12-31 17:59:00,16.3,13.3,14.6,10,1899-12-31 17:49:00,1,7,gravel,viii,F,autumn
NA,A,424.0,D.armeniaca,1899-12-31 18:00:00,14.6,14.2,14.2,11,1899-12-31 17:49:00,2,7,gravel,viii,T,autumn
NA,A,2510+200,D.armeniaca,1899-12-31 18:00:00,14.6,14.2,14.2,11,1899-12-31 17:49:00,2,7,gravel,viii,T,autumn
NA,A,534.0,D.armeniaca,1899-12-31 18:01:00,14.8,13.2,14,12,1899-12-31 17:49:00,2,7,gravel,ix,T,autumn
NA,A,1525+300+400,D.armeniaca,1899-12-31 18:01:00,14.7,13.2,14,12,1899-12-31 17:49:00,2,7,gravel,ix,T,autumn
NA,A,4023.0,D.armeniaca,1899-12-31 18:02:00,14.4,14.1,14.2,13,1899-12-31 17:49:00,3,7,gravel,x,T,autumn
NA,A,424.0,D.armeniaca,1899-12-31 18:02:00,14.4,14.1,14.2,13,1899-12-31 17:49:00,3,7,gravel,x,T,autumn
NA,A,2510+200,D.armeniaca,1899-12-31 18:02:00,14.4,14.1,14.2,13,1899-12-31 17:49:00,3,7,gravel,x,T,autumn
NA,A,534.0,D.armeniaca,1899-12-31 18:02:00,14.5,13.3,14.3,13,1899-12-31 17:49:00,2,7,gravel,ix,T,autumn
NA,A,1525+300+400,D.armeniaca,1899-12-31 18:02:00,14.4,13.3,14.3,13,1899-12-31 17:49:00,2,7,gravel,ix,T,autumn
NA,A,4023.0,D.armeniaca,1899-12-31 18:03:00,14.5,14.2,14.2,14,1899-12-31 17:49:00,3,7,gravel,x,T,autumn
NA,A,424.0,D.armeniaca,1899-12-31 18:03:00,14.5,14.2,14.2,14,1899-12-31 17:49:00,3,7,gravel,x,T,autumn
NA,A,2510+200,D.armeniaca,1899-12-31 18:03:00,14.5,14.2,14.2,14,1899-12-31 17:49:00,3,7,gravel,x,T,autumn
NA,A,534.0,D.armeniaca,1899-12-31 18:03:00,14.4,13.3,14.2,14,1899-12-31 17:49:00,2,7,gravel,ix,T,autumn
NA,A,1525+300+400,D.armeniaca,1899-12-31 18:03:00,14.2,13.3,14.2,14,1899-12-31 17:49:00,2,7,gravel,ix,T,autumn
NA,A,4023.0,D.armeniaca,1899-12-31 18:04:00,14.4,14.2,14.2,15,1899-12-31 17:49:00,3,7,gravel,x,T,autumn
NA,A,424.0,D.armeniaca,1899-12-31 18:04:00,14.4,14.2,14.2,15,1899-12-31 17:49:00,3,7,gravel,x,T,autumn
NA,A,2510+200,D.armeniaca,1899-12-31 18:04:00,14.4,14.2,14.2,15,1899-12-31 17:49:00,3,7,gravel,x,T,autumn
NA,A,534.0,D.armeniaca,1899-12-31 18:04:00,13.9,13,14.2,15,1899-12-31 17:49:00,2,7,gravel,ix,T,autumn
NA,A,1525+300+400,D.armeniaca,1899-12-31 18:04:00,13.9,13,14.2,15,1899-12-31 17:49:00,2,7,gravel,ix,T,autumn
NA,A,4023.0,D.armeniaca,1899-12-31 18:05:00,14.2,14,14.4,16,1899-12-31 17:49:00,3,7,gravel,x,T,autumn
NA,A,424.0,D.armeniaca,1899-12-31 18:05:00,14.2,14,14.4,16,1899-12-31 17:49:00,3,7,gravel,x,T,autumn
NA,A,2510+200,D.armeniaca,1899-12-31 18:05:00,14.2,14,14.4,16,1899-12-31 17:49:00,3,7,gravel,x,T,autumn
NA,A,534.0,D.armeniaca,1899-12-31 18:05:00,13.9,13.1,14,16,1899-12-31 17:49:00,2,7,gravel,ix,T,autumn
NA,A,1525+300+400,D.armeniaca,1899-12-31 18:05:00,13.8,13.1,14,16,1899-12-31 17:49:00,2,7,gravel,ix,T,autumn
NA,A,4023.0,D.armeniaca,1899-12-31 18:06:00,14.2,14,14.3,17,1899-12-31 17:49:00,3,7,gravel,x,T,autumn
NA,A,424.0,D.armeniaca,1899-12-31 18:06:00,14.2,14,14.3,17,1899-12-31 17:49:00,3,7,gravel,x,T,autumn
NA,A,2510+200,D.armeniaca,1899-12-31 18:06:00,14.2,14,14.3,17,1899-12-31 17:49:00,3,7,gravel,x,T,autumn
NA,A,534.0,D.armeniaca,1899-12-31 18:06:00,13.6,13.1,14.2,17,1899-12-31 17:49:00,2,7,gravel,ix,T,autumn
NA,A,1525+300+400,D.armeniaca,1899-12-31 18:06:00,13.6,13.1,14.2,17,1899-12-31 17:49:00,2,7,gravel,ix,T,autumn
NA,A,4023.0,D.armeniaca,1899-12-31 18:07:00,14.1,14,14,18,1899-12-31 17:49:00,3,7,gravel,x,T,autumn
NA,A,424.0,D.armeniaca,1899-12-31 18:07:00,14.2,14,14,18,1899-12-31 17:49:00,3,7,gravel,x,T,autumn
NA,A,2510+200,D.armeniaca,1899-12-31 18:07:00,14.1,14,14,18,1899-12-31 17:49:00,3,7,gravel,x,T,autumn
NA,A,534.0,D.armeniaca,1899-12-31 18:07:00,13.6,13,14.2,18,1899-12-31 17:49:00,2,7,gravel,ix,T,autumn
NA,A,1525+300+400,D.armeniaca,1899-12-31 18:07:00,13.5,13,14.2,18,1899-12-31 17:49:00,2,7,gravel,ix,T,autumn
NA,A,4023.0,D.armeniaca,1899-12-31 18:08:00,13.8,13.7,14.2,19,1899-12-31 17:49:00,3,7,gravel,x,T,autumn
NA,A,424.0,D.armeniaca,1899-12-31 18:08:00,13.8,13.7,14.2,19,1899-12-31 17:49:00,3,7,gravel,x,T,autumn
NA,A,2510+200,D.armeniaca,1899-12-31 18:08:00,13.8,13.7,14.2,19,1899-12-31 17:49:00,3,7,gravel,x,T,autumn
NA,A,534.0,D.armeniaca,1899-12-31 18:08:00,13.2,12.6,13.9,19,1899-12-31 17:49:00,2,7,gravel,ix,T,autumn
NA,A,1525+300+400,D.armeniaca,1899-12-31 18:08:00,13.2,12.6,13.9,19,1899-12-31 17:49:00,2,7,gravel,ix,T,autumn
NA,A,4023.0,D.armeniaca,1899-12-31 18:09:00,13.7,13.6,14,20,1899-12-31 17:49:00,3,7,gravel,x,T,autumn
NA,A,424.0,D.armeniaca,1899-12-31 18:09:00,13.8,13.6,14,20,1899-12-31 17:49:00,3,7,gravel,x,T,autumn
NA,A,2510+200,D.armeniaca,1899-12-31 18:09:00,13.7,13.6,14,20,1899-12-31 17:49:00,3,7,gravel,x,T,autumn
NA,A,534.0,D.armeniaca,1899-12-31 18:09:00,13.1,12.5,14,20,1899-12-31 17:49:00,2,7,gravel,ix,T,autumn
NA,A,1525+300+400,D.armeniaca,1899-12-31 18:09:00,12.9,12.5,14,20,1899-12-31 17:49:00,2,7,gravel,ix,T,autumn
NA,A,4023.0,D.armeniaca,1899-12-31 18:10:00,13.7,13.6,14,21,1899-12-31 17:49:00,3,7,gravel,x,T,autumn
NA,A,424.0,D.armeniaca,1899-12-31 18:10:00,13.7,13.6,14,21,1899-12-31 17:49:00,3,7,gravel,x,T,autumn
NA,A,2510+200,D.armeniaca,1899-12-31 18:10:00,13.7,13.6,14,21,1899-12-31 17:49:00,3,7,gravel,x,T,autumn
NA,A,534.0,D.armeniaca,1899-12-31 18:10:00,12.9,12.5,14,21,1899-12-31 17:49:00,2,7,gravel,ix,T,autumn
NA,A,1525+300+400,D.armeniaca,1899-12-31 18:10:00,12.9,12.5,14,21,1899-12-31 17:49:00,2,7,gravel,ix,T,autumn
NA,A,4023.0,D.armeniaca,1899-12-31 18:11:00,13.5,13.5,13.9,22,1899-12-31 17:49:00,3,7,gravel,x,T,autumn
NA,A,424.0,D.armeniaca,1899-12-31 18:11:00,13.6,13.5,13.9,22,1899-12-31 17:49:00,3,7,gravel,x,T,autumn
NA,A,2510+200,D.armeniaca,1899-12-31 18:11:00,13.5,13.5,13.9,22,1899-12-31 17:49:00,3,7,gravel,x,T,autumn
NA,A,534.0,D.armeniaca,1899-12-31 18:11:00,12.9,12.3,14.1,22,1899-12-31 17:49:00,2,7,gravel,ix,T,autumn
NA,A,1525+300+400,D.armeniaca,1899-12-31 18:11:00,12.8,12.3,14.1,22,1899-12-31 17:49:00,2,7,gravel,ix,T,autumn
NA,A,4023.0,D.armeniaca,1899-12-31 18:12:00,13.5,13.4,13.9,23,1899-12-31 17:49:00,3,7,gravel,x,T,autumn
NA,A,424.0,D.armeniaca,1899-12-31 18:12:00,13.6,13.4,13.9,23,1899-12-31 17:49:00,3,7,gravel,x,T,autumn
NA,A,2510+200,D.armeniaca,1899-12-31 18:12:00,13.5,13.4,13.9,23,1899-12-31 17:49:00,3,7,gravel,x,T,autumn
NA,A,534.0,D.armeniaca,1899-12-31 18:12:00,12.7,12.3,14,23,1899-12-31 17:49:00,2,7,gravel,ix,T,autumn
NA,A,1525+300+400,D.armeniaca,1899-12-31 18:12:00,12.5,12.3,14,23,1899-12-31 17:49:00,2,7,gravel,ix,T,autumn
NA,A,4023.0,D.armeniaca,1899-12-31 18:13:00,13.6,13.5,13.9,24,1899-12-31 17:49:00,3,7,gravel,x,T,autumn
NA,A,424.0,D.armeniaca,1899-12-31 18:13:00,13.6,13.5,13.9,24,1899-12-31 17:49:00,3,7,gravel,x,T,autumn
NA,A,2510+200,D.armeniaca,1899-12-31 18:13:00,13.6,13.5,13.9,24,1899-12-31 17:49:00,3,7,gravel,x,T,autumn
NA,A,534.0,D.armeniaca,1899-12-31 18:13:00,12.8,12.4,14,24,1899-12-31 17:49:00,2,7,gravel,ix,T,autumn
NA,A,1525+300+400,D.armeniaca,1899-12-31 18:13:00,12.8,12.4,14,24,1899-12-31 17:49:00,2,7,gravel,ix,T,autumn
NA,A,4023.0,D.armeniaca,1899-12-31 18:14:00,13.2,13.2,14,25,1899-12-31 17:49:00,3,7,gravel,x,T,autumn
NA,A,424.0,D.armeniaca,1899-12-31 18:14:00,13.3,13.2,14,25,1899-12-31 17:49:00,3,7,gravel,x,T,autumn
NA,A,2510+200,D.armeniaca,1899-12-31 18:14:00,13.2,13.2,14,25,1899-12-31 17:49:00,3,7,gravel,x,T,autumn
NA,A,534.0,D.armeniaca,1899-12-31 18:14:00,12.7,12.2,13.8,25,1899-12-31 17:49:00,2,7,gravel,ix,T,autumn
NA,A,1525+300+400,D.armeniaca,1899-12-31 18:14:00,12.6,12.2,13.8,25,1899-12-31 17:49:00,2,7,gravel,ix,T,autumn
NA,A,4023.0,D.armeniaca,1899-12-31 18:15:00,13.5,13.5,14,26,1899-12-31 17:49:00,3,7,gravel,x,T,autumn
NA,A,424.0,D.armeniaca,1899-12-31 18:15:00,13.5,13.5,14,26,1899-12-31 17:49:00,3,7,gravel,x,T,autumn
NA,A,2510+200,D.armeniaca,1899-12-31 18:15:00,13.5,13.5,14,26,1899-12-31 17:49:00,3,7,gravel,x,T,autumn
NA,A,534.0,D.armeniaca,1899-12-31 18:15:00,12.8,12.4,13.8,26,1899-12-31 17:49:00,2,7,gravel,ix,T,autumn
NA,A,1525+300+400,D.armeniaca,1899-12-31 18:15:00,12.7,12.4,13.8,26,1899-12-31 17:49:00,2,7,gravel,ix,T,autumn
NA,A,4023.0,D.armeniaca,1899-12-31 18:16:00,13.6,13.5,13.9,27,1899-12-31 17:49:00,3,7,gravel,x,T,autumn
NA,A,424.0,D.armeniaca,1899-12-31 18:16:00,13.6,13.5,13.9,27,1899-12-31 17:49:00,3,7,gravel,x,T,autumn
NA,A,2510+200,D.armeniaca,1899-12-31 18:16:00,13.6,13.5,13.9,27,1899-12-31 17:49:00,3,7,gravel,x,T,autumn
NA,A,534.0,D.armeniaca,1899-12-31 18:16:00,12.8,12.5,13.8,27,1899-12-31 17:49:00,2,7,gravel,ix,T,autumn
NA,A,1525+300+400,D.armeniaca,1899-12-31 18:16:00,12.8,12.5,13.8,27,1899-12-31 17:49:00,2,7,gravel,ix,T,autumn
44511.0,A,4023.0,D.armeniaca,1899-12-31 12:06:00,21.7,13.3,14.2,1,1899-12-31 12:05:00,1,7,gravel,NA,F,autumn
NA,A,2510+200,D.armeniaca,1899-12-31 12:07:00,22,13.3,13.3,2,1899-12-31 12:05:00,2,7,gravel,NA,T,autumn
NA,A,133+50,D.armeniaca,1899-12-31 12:07:00,25.4,13.3,13.3,2,1899-12-31 12:05:00,2,7,gravel,NA,T,autumn
NA,A,2510+200,D.armeniaca,1899-12-31 12:08:00,20.2,13.4,13.5,3,1899-12-31 12:05:00,2,7,gravel,NA,T,autumn
NA,A,133+50,D.armeniaca,1899-12-31 12:08:00,23.5,13.7,13.5,3,1899-12-31 12:05:00,2,7,gravel,NA,T,autumn
NA,A,4023.0,D.armeniaca,1899-12-31 12:08:00,19.1,13.9,14,3,1899-12-31 12:05:00,1,7,gravel,NA,F,autumn
NA,A,2510+200,D.armeniaca,1899-12-31 12:10:00,18.8,13.5,13.5,5,1899-12-31 12:05:00,2,7,gravel,NA,T,autumn
NA,A,133+50,D.armeniaca,1899-12-31 12:10:00,22.1,13.5,13.5,5,1899-12-31 12:05:00,2,7,gravel,NA,T,autumn
NA,A,4023.0,D.armeniaca,1899-12-31 12:10:00,18,13.7,13.9,5,1899-12-31 12:05:00,1,7,gravel,NA,F,autumn
NA,A,4023.0,D.armeniaca,1899-12-31 12:11:00,16.6,13.3,13.6,6,1899-12-31 12:05:00,1,7,gravel,NA,F,autumn
NA,A,4023.0,D.armeniaca,1899-12-31 12:13:00,15.8,15.8,13.7,8,1899-12-31 12:05:00,1,7,gravel,NA,F,autumn
NA,A,4023.0,D.armeniaca,1899-12-31 12:14:00,15.2,15.2,13.6,9,1899-12-31 12:05:00,1,7,gravel,NA,F,autumn
NA,A,4023.0,D.armeniaca,1899-12-31 12:16:00,14.6,14.6,13.3,11,1899-12-31 12:05:00,1,7,gravel,NA,F,autumn
NA,A,424.0,D.armeniaca,1899-12-31 12:16:00,15.7,15.7,13.3,11,1899-12-31 12:05:00,1,7,gravel,NA,F,autumn
NA,A,4023.0,D.armeniaca,1899-12-31 12:18:00,14.4,14.4,13.5,13,1899-12-31 12:05:00,1,7,gravel,NA,F,autumn
NA,A,424.0,D.armeniaca,1899-12-31 12:18:00,15.2,15.2,13.3,13,1899-12-31 12:05:00,1,7,gravel,NA,F,autumn
NA,A,4023.0,D.armeniaca,1899-12-31 12:19:00,13.8,13.8,13.9,14,1899-12-31 12:05:00,1,7,gravel,NA,F,autumn
NA,A,424.0,D.armeniaca,1899-12-31 12:19:00,13.9,13.9,13.6,14,1899-12-31 12:05:00,1,7,gravel,NA,F,autumn
NA,A,4023.0,D.armeniaca,1899-12-31 12:20:00,14.1,14.1,13.6,15,1899-12-31 12:05:00,1,7,gravel,NA,F,autumn
NA,A,424.0,D.armeniaca,1899-12-31 12:20:00,14.4,14.4,13.3,15,1899-12-31 12:05:00,1,7,gravel,NA,F,autumn
NA,A,4023.0,D.armeniaca,1899-12-31 12:21:00,14.2,14.2,13.5,16,1899-12-31 12:05:00,1,7,gravel,NA,F,autumn
NA,A,424.0,D.armeniaca,1899-12-31 12:21:00,14,14,13.5,16,1899-12-31 12:05:00,1,7,gravel,NA,F,autumn
NA,A,4023.0,D.armeniaca,1899-12-31 12:22:00,13.8,13.8,13.5,17,1899-12-31 12:05:00,1,7,gravel,NA,F,autumn
NA,A,424.0,D.armeniaca,1899-12-31 12:22:00,13.7,13.7,13.5,17,1899-12-31 12:05:00,1,7,gravel,NA,F,autumn
NA,A,4023.0,D.armeniaca,1899-12-31 12:23:00,13.5,13.5,13.5,18,1899-12-31 12:05:00,1,7,gravel,NA,F,autumn
NA,A,424.0,D.armeniaca,1899-12-31 12:24:00,13.2,13.2,13.5,19,1899-12-31 12:05:00,1,7,gravel,NA,F,autumn
NA,A,4023.0,D.armeniaca,1899-12-31 12:24:00,13.4,13.4,13.5,19,1899-12-31 12:05:00,1,7,gravel,NA,F,autumn
NA,A,4023.0,D.armeniaca,1899-12-31 12:25:00,13.7,13.7,13.4,20,1899-12-31 12:05:00,1,7,gravel,NA,F,autumn
NA,A,424.0,D.armeniaca,1899-12-31 12:26:00,13.4,13.4,13.3,21,1899-12-31 12:05:00,1,7,gravel,NA,F,autumn
NA,A,4023.0,D.armeniaca,1899-12-31 12:27:00,13.3,13.3,13.4,22,1899-12-31 12:05:00,1,7,gravel,NA,F,autumn
NA,A,424.0,D.armeniaca,1899-12-31 12:27:00,12.7,12.7,13.3,22,1899-12-31 12:05:00,1,7,gravel,NA,F,autumn
NA,A,4023.0,D.armeniaca,1899-12-31 14:39:00,21.1,14,14.4,0,1899-12-31 14:39:00,1,7,gravel,NA,F,autumn
NA,A,534.0,D.armeniaca,1899-12-31 14:39:00,18.9,16.1,14.6,0,1899-12-31 14:39:00,1,7,gravel,NA,F,autumn
NA,A,4023.0,D.armeniaca,1899-12-31 14:42:00,19.4,14.2,14.3,3,1899-12-31 14:39:00,1,7,gravel,NA,F,autumn
NA,A,534.0,D.armeniaca,1899-12-31 14:42:00,17.3,15.4,14.1,3,1899-12-31 14:39:00,1,7,gravel,NA,F,autumn
NA,A,4023.0,D.armeniaca,1899-12-31 14:44:00,18.5,13.6,14.2,5,1899-12-31 14:39:00,1,7,gravel,NA,F,autumn
NA,A,534.0,D.armeniaca,1899-12-31 14:44:00,16.7,15.2,14.1,5,1899-12-31 14:39:00,1,7,gravel,NA,F,autumn
NA,A,4023.0,D.armeniaca,1899-12-31 14:45:00,18,14.1,14.3,6,1899-12-31 14:39:00,1,7,gravel,NA,F,autumn
NA,A,534.0,D.armeniaca,1899-12-31 14:45:00,16.6,15.2,14.3,6,1899-12-31 14:39:00,1,7,gravel,NA,F,autumn
NA,A,4023.0,D.armeniaca,1899-12-31 14:46:00,16.9,13.7,14.3,7,1899-12-31 14:39:00,1,7,gravel,NA,F,autumn
NA,A,534.0,D.armeniaca,1899-12-31 14:46:00,16.3,14.7,14.5,7,1899-12-31 14:39:00,1,7,gravel,NA,F,autumn
NA,A,4023.0,D.armeniaca,1899-12-31 14:47:00,15.9,13.6,14.1,8,1899-12-31 14:39:00,1,7,gravel,NA,F,autumn
NA,A,534.0,D.armeniaca,1899-12-31 14:47:00,15.4,14.3,14.5,8,1899-12-31 14:39:00,1,7,gravel,NA,F,autumn
NA,A,4023.0,D.armeniaca,1899-12-31 14:49:00,15.1,13.7,14.1,10,1899-12-31 14:39:00,1,7,gravel,NA,F,autumn
NA,A,534.0,D.armeniaca,1899-12-31 14:50:00,15.5,14.8,14.5,11,1899-12-31 14:39:00,1,7,gravel,NA,F,autumn
NA,A,4023.0,D.armeniaca,1899-12-31 14:51:00,14.3,13.4,14.5,12,1899-12-31 14:39:00,1,7,gravel,NA,F,autumn
NA,A,534.0,D.armeniaca,1899-12-31 14:51:00,15,14.5,14.5,12,1899-12-31 14:39:00,1,7,gravel,NA,F,autumn
NA,A,4023.0,D.armeniaca,1899-12-31 14:53:00,14.3,13.9,14.2,14,1899-12-31 14:39:00,1,7,gravel,NA,F,autumn
NA,A,534.0,D.armeniaca,1899-12-31 14:53:00,14.9,14.4,14.4,14,1899-12-31 14:39:00,1,7,gravel,NA,F,autumn
NA,A,4023.0,D.armeniaca,1899-12-31 14:54:00,13.7,13.4,14.3,15,1899-12-31 14:39:00,1,7,gravel,NA,F,autumn
NA,A,534.0,D.armeniaca,1899-12-31 14:54:00,14.5,14.2,14.2,15,1899-12-31 14:39:00,1,7,gravel,NA,F,autumn
NA,A,4023.0,D.armeniaca,1899-12-31 14:56:00,14,13.6,14.3,17,1899-12-31 14:39:00,1,7,gravel,NA,F,autumn
NA,A,534.0,D.armeniaca,1899-12-31 14:56:00,14.8,14.4,14.2,17,1899-12-31 14:39:00,1,7,gravel,NA,F,autumn
NA,A,4023.0,D.armeniaca,1899-12-31 14:58:00,13.6,13.2,14,19,1899-12-31 14:39:00,1,7,gravel,NA,F,autumn
NA,A,534.0,D.armeniaca,1899-12-31 14:59:00,14.2,14,14.1,20,1899-12-31 14:39:00,1,7,gravel,NA,F,autumn
NA,A,4023.0,D.armeniaca,1899-12-31 15:01:00,13.5,13.2,14.2,22,1899-12-31 14:39:00,1,7,gravel,NA,F,autumn
NA,A,534.0,D.armeniaca,1899-12-31 15:01:00,14.1,14.4,14.4,22,1899-12-31 14:39:00,1,7,gravel,NA,F,autumn
44512.0,A,133+50,D.armeniaca,1899-12-31 14:58:00,27,30.9,18.3,2,1899-12-31 14:56:00,2,7,rock,NA,T,autumn
NA,A,1525+300+400,D.armeniaca,1899-12-31 14:58:00,28.7,26.9,18.2,2,1899-12-31 14:56:00,2,7,rock,NA,T,autumn
NA,A,133+50,D.armeniaca,1899-12-31 15:02:00,27.1,26.2,15.6,6,1899-12-31 14:56:00,1,7,rock,NA,F,autumn
NA,A,1525+300+400,D.armeniaca,1899-12-31 15:04:00,22,16,15.2,8,1899-12-31 14:56:00,2,7,gravel,NA,T,autumn
NA,A,534.0,D.armeniaca,1899-12-31 15:04:00,20.8,15.5,15.9,8,1899-12-31 14:56:00,2,7,gravel,NA,T,autumn
NA,A,1525+300+400,D.armeniaca,1899-12-31 15:06:00,20.7,16.1,15.2,10,1899-12-31 14:56:00,2,7,gravel,NA,T,autumn
NA,A,534.0,D.armeniaca,1899-12-31 15:06:00,19.2,15.9,15.9,10,1899-12-31 14:56:00,2,7,gravel,NA,T,autumn
NA,NA,2510+200,D.armeniaca,1899-12-31 15:22:00,21.2,31.9,21.1,14,1899-12-31 15:08:00,1,2,rock,NA,F,autumn
NA,NA,133+50,D.armeniaca,1899-12-31 15:25:00,23.4,29.5,20.9,17,1899-12-31 15:08:00,1,2,rock,NA,F,autumn
NA,NA,133+50,D.armeniaca,1899-12-31 15:32:00,24.5,28.5,21.6,24,1899-12-31 15:08:00,1,2,rock,NA,F,autumn
NA,NA,133+50,D.armeniaca,1899-12-31 15:39:00,23.2,25.6,21,31,1899-12-31 15:08:00,1,2,rock,NA,F,autumn
NA,NA,133+50,D.armeniaca,1899-12-31 15:42:00,24,25.9,21.8,34,1899-12-31 15:08:00,1,2,rock,NA,F,autumn
NA,NA,133+50,D.armeniaca,1899-12-31 15:46:00,22.9,25.4,21.4,38,1899-12-31 15:08:00,1,2,rock,NA,F,autumn
NA,NA,133+50,D.armeniaca,1899-12-31 15:56:00,21.6,23,20.8,48,1899-12-31 15:08:00,1,2,rock,NA,F,autumn
NA,NA,132.0,D.armeniaca,1899-12-31 17:46:00,30.4,32.5,21.5,5,1899-12-31 17:41:00,1,2,rock,NA,F,autumn
NA,NA,4023.0,D.armeniaca,1899-12-31 17:57:00,25.2,28.9,19.5,16,1899-12-31 17:41:00,1,2,rock,NA,F,autumn
NA,NA,4023.0,D.armeniaca,1899-12-31 18:20:00,21.8,26,18.7,39,1899-12-31 17:41:00,1,2,rock,NA,F,autumn
44502.0,NA,2510+200,D.armeniaca,1899-12-31 19:05:00,25.2,32.8,18.2,3,1899-12-31 19:02:00,1,2,rock,NA,F,autumn
NA,NA,1525+300+400,D.armeniaca,1899-12-31 19:12:00,24.4,27.3,17,10,1899-12-31 19:02:00,1,2,rock,NA,F,autumn
NA,NA,1525+300+400,D.armeniaca,1899-12-31 19:19:00,20.8,24.5,17.3,17,1899-12-31 19:02:00,1,2,rock,NA,F,autumn
44514.0,A,534.0,D.armeniaca,1899-12-31 16:03:00,27.7,26.9,14.8,3,1899-12-31 16:00:00,1,7,rock,NA,F,autumn
NA,A,132.0,D.armeniaca,1899-12-31 16:03:00,26.2,39.3,17.1,3,1899-12-31 16:00:00,1,7,rock,NA,F,autumn
NA,A,534.0,D.armeniaca,1899-12-31 16:05:00,26.5,24.9,14.8,5,1899-12-31 16:00:00,1,7,rock,NA,F,autumn
NA,A,132.0,D.armeniaca,1899-12-31 16:05:00,27,31.2,16.5,5,1899-12-31 16:00:00,1,7,rock,NA,F,autumn
NA,A,534.0,D.armeniaca,1899-12-31 16:07:00,25.5,24,14.2,7,1899-12-31 16:00:00,1,7,rock,NA,F,autumn
NA,A,132.0,D.armeniaca,1899-12-31 16:07:00,26.3,29,16,7,1899-12-31 16:00:00,1,7,rock,NA,F,autumn
NA,A,132.0,D.armeniaca,1899-12-31 16:09:00,25.4,29.2,14,9,1899-12-31 16:00:00,1,7,rock,NA,F,autumn
NA,A,534.0,D.armeniaca,1899-12-31 16:11:00,21.5,15.6,14.8,11,1899-12-31 16:00:00,1,7,gravel,NA,F,autumn
NA,A,534.0,D.armeniaca,1899-12-31 16:13:00,20.6,15.6,14.6,13,1899-12-31 16:00:00,2,7,gravel,xi,T,autumn
NA,A,132.0,D.armeniaca,1899-12-31 16:13:00,20.2,14.6,15,13,1899-12-31 16:00:00,2,7,gravel,xi,T,autumn
NA,A,534.0,D.armeniaca,1899-12-31 16:14:00,19.6,15.6,14,14,1899-12-31 16:00:00,2,7,gravel,xi,T,autumn
NA,A,132.0,D.armeniaca,1899-12-31 16:14:00,18.3,15,14.7,14,1899-12-31 16:00:00,2,7,gravel,xi,T,autumn
NA,A,534.0,D.armeniaca,1899-12-31 16:16:00,18.5,15.5,14.4,16,1899-12-31 16:00:00,2,7,gravel,xi,T,autumn
NA,A,132.0,D.armeniaca,1899-12-31 16:16:00,17.3,15.1,14.5,16,1899-12-31 16:00:00,2,7,gravel,xi,T,autumn
NA,A,534.0,D.armeniaca,1899-12-31 16:17:00,17.9,15.9,14.2,17,1899-12-31 16:00:00,2,7,gravel,xi,T,autumn
NA,A,132.0,D.armeniaca,1899-12-31 16:17:00,16.7,15,14.4,17,1899-12-31 16:00:00,2,7,gravel,xi,T,autumn
NA,A,534.0,D.armeniaca,1899-12-31 16:19:00,17,15.1,14.8,19,1899-12-31 16:00:00,2,7,gravel,xi,T,autumn
NA,A,132.0,D.armeniaca,1899-12-31 16:19:00,16.2,14.4,14.9,19,1899-12-31 16:00:00,2,7,gravel,xi,T,autumn
NA,A,534.0,D.armeniaca,1899-12-31 16:25:00,15.2,14.2,13.6,25,1899-12-31 16:00:00,2,7,gravel,NA,T,autumn
NA,A,132.0,D.armeniaca,1899-12-31 16:25:00,14.9,14.1,14.1,25,1899-12-31 16:00:00,2,7,gravel,NA,T,autumn
NA,A,534.0,D.armeniaca,1899-12-31 16:36:00,14,13.7,14.1,36,1899-12-31 16:00:00,1,7,gravel,NA,F,autumn
NA,A,534.0,D.armeniaca,1899-12-31 16:39:00,13.7,13.5,14.3,39,1899-12-31 16:00:00,1,7,gravel,NA,F,autumn
44516.0,A,133+50,D.armeniaca,1899-12-31 12:26:00,29.6,34.7,16.1,1,1899-12-31 12:25:00,1,7,rock,NA,F,autumn
NA,A,133+50,D.armeniaca,1899-12-31 12:31:00,27,26.9,12.7,6,1899-12-31 12:25:00,1,7,rock,NA,F,autumn
NA,A,4023.0,D.armeniaca,1899-12-31 12:33:00,17.6,14.5,13.1,8,1899-12-31 12:25:00,2,7,gravel,NA,T,autumn
NA,A,424.0,D.armeniaca,1899-12-31 12:33:00,19,14.5,13.1,8,1899-12-31 12:25:00,2,7,gravel,NA,T,autumn
NA,A,534.0,D.armeniaca,1899-12-31 12:34:00,11,11.2,11.7,9,1899-12-31 12:25:00,2,7,gravel,NA,T,autumn
NA,A,4023.0,D.armeniaca,1899-12-31 12:35:00,17.1,14.6,13.2,10,1899-12-31 12:25:00,2,7,gravel,NA,T,autumn
NA,A,424.0,D.armeniaca,1899-12-31 12:35:00,17.1,14.6,13.2,10,1899-12-31 12:25:00,2,7,gravel,NA,T,autumn
NA,A,534.0,D.armeniaca,1899-12-31 12:37:00,10.7,11,12.9,12,1899-12-31 12:25:00,2,7,gravel,NA,T,autumn
NA,A,4023.0,D.armeniaca,1899-12-31 12:38:00,16.5,13,13,13,1899-12-31 12:25:00,2,7,gravel,NA,T,autumn
NA,A,424.0,D.armeniaca,1899-12-31 12:38:00,16,13,13,13,1899-12-31 12:25:00,2,7,gravel,NA,T,autumn
NA,A,1525+300+400,D.armeniaca,1899-12-31 12:50:00,12.5,11.2,12.2,25,1899-12-31 12:25:00,1,7,gravel,NA,F,autumn
NA,A,1525+300+400,D.armeniaca,1899-12-31 12:53:00,12,11,11.9,28,1899-12-31 12:25:00,1,7,gravel,NA,F,autumn
NA,A,1525+300+400,D.armeniaca,1899-12-31 12:54:00,11.6,10.7,11.7,29,1899-12-31 12:25:00,1,7,gravel,NA,F,autumn
NA,A,534.0,D.armeniaca,1899-12-31 12:56:00,10.4,10.3,12.1,31,1899-12-31 12:25:00,2,7,gravel,NA,T,autumn
NA,C,151.0,D.armeniaca,1899-12-31 12:57:00,23.2,19.5,19.2,7,1899-12-31 12:50:00,2,8,gravel,NA,T,spring
NA,C,223.0,D.armeniaca,1899-12-31 12:57:00,24.3,19.7,19.2,7,1899-12-31 12:50:00,2,8,gravel,NA,T,spring
NA,C,455.0,D.armeniaca,1899-12-31 13:15:00,20.4,23.2,19.4,25,1899-12-31 12:50:00,1,8,rock,NA,F,spring
NA,A,455.0,D.armeniaca,1899-12-31 13:04:00,32.1,33.8,22.6,3,1899-12-31 13:00:00,1,8,gravel,NA,F,spring
NA,A,531.0,D.armeniaca,1899-12-31 13:05:00,25.6,23,22.1,4,1899-12-31 13:00:00,1,8,gravel,NA,F,spring
NA,A,531.0,D.armeniaca,1899-12-31 13:06:00,25.1,22.2,22,5,1899-12-31 13:00:00,1,8,gravel,NA,F,spring
NA,A,531.0,D.armeniaca,1899-12-31 13:07:00,24.2,22.5,21.6,6,1899-12-31 13:00:00,2,8,gravel,NA,T,spring
NA,A,151.0,D.armeniaca,1899-12-31 13:07:00,27.2,23,21.6,7,1899-12-31 13:00:00,2,8,gravel,NA,T,spring
NA,A,151.0,D.armeniaca,1899-12-31 15:13:00,19.6,18.9,17.7,53,1899-12-31 14:20:00,2,9,gravel,NA,T,spring
NA,A,531.0,D.armeniaca,1899-12-31 15:13:00,19.2,18.9,17.7,53,1899-12-31 14:20:00,2,9,gravel,NA,T,spring
44654.0,A,1555.0,D.armeniaca,1899-12-31 16:21:00,29.5,25.8,19.4,0,1899-12-31 16:21:00,2,9,rock,NA,T,spring
NA,A,2510+200,D.armeniaca,1899-12-31 16:21:00,29.1,25.8,19.4,0,1899-12-31 16:21:00,2,9,rock,NA,T,spring
NA,A,125.0,D.armeniaca,1899-12-31 16:23:00,16.6,22.8,19.8,2,1899-12-31 16:21:00,2,9,gravel,NA,T,spring
NA,A,502.0,D.armeniaca,1899-12-31 16:23:00,16.8,22.8,19.8,2,1899-12-31 16:21:00,2,9,gravel,NA,T,spring
NA,A,2510+200,D.armeniaca,1899-12-31 16:26:00,14.3,17.7,18.4,5,1899-12-31 16:21:00,1,9,gravel,NA,F,spring
NA,A,2510+200,D.armeniaca,1899-12-31 16:27:00,23.5,18,18.4,6,1899-12-31 16:21:00,1,9,gravel,NA,F,spring
NA,A,2510+200,D.armeniaca,1899-12-31 16:28:00,22.8,17.8,18.4,7,1899-12-31 16:21:00,1,9,gravel,NA,F,spring
NA,A,2510+200,D.armeniaca,1899-12-31 16:29:00,21.7,18,18.2,8,1899-12-31 16:21:00,1,9,gravel,NA,F,spring
NA,A,2231.0,D.armeniaca,1899-12-31 16:29:00,20.8,17.4,19.3,8,1899-12-31 16:21:00,1,9,gravel,NA,F,spring
NA,A,2510+200,D.armeniaca,1899-12-31 16:30:00,20.6,18.1,18.1,9,1899-12-31 16:21:00,1,9,gravel,NA,F,spring
NA,A,2231.0,D.armeniaca,1899-12-31 16:30:00,20.1,18,18.9,9,1899-12-31 16:21:00,1,9,gravel,NA,F,spring
NA,A,2510+200,D.armeniaca,1899-12-31 16:31:00,20,18.1,18.2,10,1899-12-31 16:21:00,1,9,gravel,NA,F,spring
NA,A,2231.0,D.armeniaca,1899-12-31 16:31:00,19.6,18.1,18.7,10,1899-12-31 16:21:00,1,9,gravel,NA,F,spring
NA,A,2510+200,D.armeniaca,1899-12-31 16:32:00,20,18.1,18.1,11,1899-12-31 16:21:00,1,9,gravel,NA,F,spring
NA,A,2231.0,D.armeniaca,1899-12-31 16:32:00,19.5,18.2,18.8,11,1899-12-31 16:21:00,1,9,gravel,NA,F,spring
NA,A,2510+200,D.armeniaca,1899-12-31 16:33:00,19.4,18.1,18.1,12,1899-12-31 16:21:00,1,9,gravel,NA,F,spring
NA,A,2231.0,D.armeniaca,1899-12-31 16:33:00,19.1,18.1,18.8,12,1899-12-31 16:21:00,1,9,gravel,NA,F,spring
NA,A,2510+200,D.armeniaca,1899-12-31 16:34:00,18.9,18,18,13,1899-12-31 16:21:00,1,9,gravel,NA,F,spring
NA,A,2231.0,D.armeniaca,1899-12-31 16:34:00,18.6,17.8,18.8,13,1899-12-31 16:21:00,1,9,gravel,NA,F,spring
NA,A,2510+200,D.armeniaca,1899-12-31 16:35:00,18.5,17.9,18.1,14,1899-12-31 16:21:00,1,9,gravel,NA,F,spring
NA,A,2231.0,D.armeniaca,1899-12-31 16:35:00,18.6,18.1,18.7,14,1899-12-31 16:21:00,1,9,gravel,NA,F,spring
NA,A,2510+200,D.armeniaca,1899-12-31 16:36:00,18.3,17.6,18,15,1899-12-31 16:21:00,1,9,gravel,NA,F,spring
NA,A,2231.0,D.armeniaca,1899-12-31 16:36:00,18.6,18.3,18.6,15,1899-12-31 16:21:00,1,9,gravel,NA,F,spring
44659.0,A,1555.0,D.armeniaca,1899-12-31 17:51:00,29.7,23.4,22.9,1,1899-12-31 17:50:00,1,9,gravel,NA,F,spring
NA,A,1555.0,D.armeniaca,1899-12-31 17:52:00,28.6,23,23.1,2,1899-12-31 17:50:00,1,9,gravel,NA,F,spring
NA,A,154.0,D.armeniaca,1899-12-31 17:53:00,27.4,23,22.8,3,1899-12-31 17:50:00,2,9,gravel,NA,T,spring
NA,A,1555.0,D.armeniaca,1899-12-31 17:53:00,27.8,22.7,22.8,3,1899-12-31 17:50:00,2,9,gravel,NA,T,spring
NA,A,154.0,D.armeniaca,1899-12-31 17:54:00,26.9,23,22.5,4,1899-12-31 17:50:00,2,9,gravel,NA,T,spring
NA,A,1555.0,D.armeniaca,1899-12-31 17:54:00,27.5,22.9,22.5,4,1899-12-31 17:50:00,2,9,gravel,NA,T,spring
NA,A,154.0,D.armeniaca,1899-12-31 17:55:00,26.4,23.1,22.5,5,1899-12-31 17:50:00,2,9,gravel,NA,T,spring
NA,A,1555.0,D.armeniaca,1899-12-31 17:55:00,27.1,22.8,22.5,5,1899-12-31 17:50:00,2,9,gravel,NA,T,spring
NA,A,154.0,D.armeniaca,1899-12-31 17:56:00,25.6,23,22.4,6,1899-12-31 17:50:00,2,9,gravel,NA,T,spring
NA,A,1555.0,D.armeniaca,1899-12-31 17:56:00,26.1,23,22.4,6,1899-12-31 17:50:00,2,9,gravel,NA,T,spring
NA,A,154.0,D.armeniaca,1899-12-31 17:57:00,25.3,23.4,22.6,7,1899-12-31 17:50:00,2,9,gravel,NA,T,spring
NA,A,1555.0,D.armeniaca,1899-12-31 17:57:00,25.8,23.3,22.6,7,1899-12-31 17:50:00,2,9,gravel,NA,T,spring
NA,A,154.0,D.armeniaca,1899-12-31 17:58:00,24.4,22.8,22.4,8,1899-12-31 17:50:00,2,9,gravel,NA,T,spring
NA,A,1555.0,D.armeniaca,1899-12-31 17:58:00,25,22.8,22.4,8,1899-12-31 17:50:00,2,9,gravel,NA,T,spring
NA,A,154.0,D.armeniaca,1899-12-31 17:59:00,24.1,22.7,22.6,9,1899-12-31 17:50:00,2,9,gravel,NA,T,spring
NA,A,1555.0,D.armeniaca,1899-12-31 17:59:00,24.5,22.8,22.6,9,1899-12-31 17:50:00,2,9,gravel,NA,T,spring
NA,A,154.0,D.armeniaca,1899-12-31 18:00:00,24.1,23,22.4,10,1899-12-31 17:50:00,2,9,gravel,NA,T,spring
NA,A,1555.0,D.armeniaca,1899-12-31 18:00:00,24.5,23,22.4,10,1899-12-31 17:50:00,2,9,gravel,NA,T,spring
NA,A,154.0,D.armeniaca,1899-12-31 18:01:00,23.6,22.7,22.3,11,1899-12-31 17:50:00,2,9,gravel,NA,T,spring
NA,A,1555.0,D.armeniaca,1899-12-31 18:01:00,23.9,22.7,22.3,11,1899-12-31 17:50:00,2,9,gravel,NA,T,spring
NA,A,154.0,D.armeniaca,1899-12-31 18:02:00,23.5,22.7,22.3,12,1899-12-31 17:50:00,2,9,gravel,NA,T,spring
NA,A,1555.0,D.armeniaca,1899-12-31 18:02:00,23.9,22.8,22.3,12,1899-12-31 17:50:00,2,9,gravel,NA,T,spring
NA,A,154.0,D.armeniaca,1899-12-31 18:03:00,23.3,22.7,22.4,13,1899-12-31 17:50:00,2,9,gravel,NA,T,spring
NA,A,1555.0,D.armeniaca,1899-12-31 18:03:00,23.6,22.7,22.4,13,1899-12-31 17:50:00,2,9,gravel,NA,T,spring
NA,A,154.0,D.armeniaca,1899-12-31 18:04:00,23.2,22.6,22.4,14,1899-12-31 17:50:00,2,9,gravel,NA,T,spring
NA,A,1555.0,D.armeniaca,1899-12-31 18:04:00,23.5,22.6,22.4,14,1899-12-31 17:50:00,2,9,gravel,NA,T,spring
NA,A,154.0,D.armeniaca,1899-12-31 18:05:00,23.1,22.7,22.4,15,1899-12-31 17:50:00,2,9,gravel,NA,T,spring
NA,A,1555.0,D.armeniaca,1899-12-31 18:05:00,23.3,22.7,22.4,15,1899-12-31 17:50:00,2,9,gravel,NA,T,spring
NA,A,154.0,D.armeniaca,1899-12-31 18:06:00,22.8,22.3,22.4,16,1899-12-31 17:50:00,2,9,gravel,NA,T,spring
NA,A,1555.0,D.armeniaca,1899-12-31 18:06:00,22.9,22.3,22.4,16,1899-12-31 17:50:00,2,9,gravel,NA,T,spring
NA,A,154.0,D.armeniaca,1899-12-31 18:07:00,22.7,22.3,22.2,17,1899-12-31 17:50:00,2,9,gravel,NA,T,spring
NA,A,1555.0,D.armeniaca,1899-12-31 18:07:00,22.8,22.3,22.2,17,1899-12-31 17:50:00,2,9,gravel,NA,T,spring
NA,A,154.0,D.armeniaca,1899-12-31 18:08:00,22.7,22.4,22.3,18,1899-12-31 17:50:00,2,9,gravel,NA,T,spring
NA,A,1555.0,D.armeniaca,1899-12-31 18:08:00,22.9,22.4,22.3,18,1899-12-31 17:50:00,2,9,gravel,NA,T,spring
NA,A,154.0,D.armeniaca,1899-12-31 18:09:00,22.7,22.4,22.5,19,1899-12-31 17:50:00,2,9,gravel,NA,T,spring
NA,A,1555.0,D.armeniaca,1899-12-31 18:09:00,22.8,22.4,22.5,19,1899-12-31 17:50:00,2,9,gravel,NA,T,spring
NA,A,154.0,D.armeniaca,1899-12-31 18:10:00,22.5,22.2,22.3,20,1899-12-31 17:50:00,2,9,gravel,NA,T,spring
NA,A,1555.0,D.armeniaca,1899-12-31 18:10:00,22.5,22.2,22.3,20,1899-12-31 17:50:00,2,9,gravel,NA,T,spring
NA,A,154.0,D.armeniaca,1899-12-31 18:11:00,22.3,22,22.3,21,1899-12-31 17:50:00,2,9,gravel,NA,T,spring
NA,A,1555.0,D.armeniaca,1899-12-31 18:11:00,22.3,22,22.3,21,1899-12-31 17:50:00,2,9,gravel,NA,T,spring
NA,A,154.0,D.armeniaca,1899-12-31 18:12:00,22.6,22.4,22.2,22,1899-12-31 17:50:00,2,9,gravel,NA,T,spring
NA,A,1555.0,D.armeniaca,1899-12-31 18:12:00,22.6,22.4,22.2,22,1899-12-31 17:50:00,2,9,gravel,NA,T,spring
NA,A,154.0,D.armeniaca,1899-12-31 18:13:00,22.5,22.3,22.1,23,1899-12-31 17:50:00,2,9,gravel,NA,T,spring
NA,A,1555.0,D.armeniaca,1899-12-31 18:13:00,22.6,22.3,22.1,23,1899-12-31 17:50:00,2,9,gravel,NA,T,spring
NA,A,154.0,D.armeniaca,1899-12-31 18:14:00,22.2,22,22.3,24,1899-12-31 17:50:00,2,9,gravel,NA,T,spring
NA,A,1555.0,D.armeniaca,1899-12-31 18:14:00,22.2,22,22.3,24,1899-12-31 17:50:00,2,9,gravel,NA,T,spring
NA,A,154.0,D.armeniaca,1899-12-31 18:15:00,22.3,22.1,22.1,25,1899-12-31 17:50:00,2,9,gravel,NA,T,spring
NA,A,1555.0,D.armeniaca,1899-12-31 18:15:00,22.3,22.1,22.1,25,1899-12-31 17:50:00,2,9,gravel,NA,T,spring
44661.0,A,1555.0,D.armeniaca,1899-12-31 14:03:00,29.9,18.7,20.3,1,1899-12-31 14:02:00,4,9,gravel,xv,T,spring
NA,A,531.0,D.armeniaca,1899-12-31 14:03:00,26.9,18.7,20.3,1,1899-12-31 14:02:00,4,9,gravel,xv,T,spring
NA,A,125.0,D.armeniaca,1899-12-31 14:03:00,28.1,18.7,20.3,1,1899-12-31 14:02:00,4,9,gravel,xv,T,spring
NA,A,455.0,D.armeniaca,1899-12-31 14:03:00,23.6,18.7,20.3,1,1899-12-31 14:02:00,4,9,gravel,xv,T,spring
NA,A,1555.0,D.armeniaca,1899-12-31 14:05:00,28.1,18.7,20.7,3,1899-12-31 14:02:00,4,9,gravel,xv,T,spring
NA,A,531.0,D.armeniaca,1899-12-31 14:05:00,26.6,18.7,20.7,3,1899-12-31 14:02:00,4,9,gravel,xv,T,spring
NA,A,455.0,D.armeniaca,1899-12-31 14:05:00,23.3,18.7,20.7,3,1899-12-31 14:02:00,4,9,gravel,xv,T,spring
NA,A,1555.0,D.armeniaca,1899-12-31 14:06:00,26.2,18.3,20.1,4,1899-12-31 14:02:00,4,9,gravel,xv,T,spring
NA,A,531.0,D.armeniaca,1899-12-31 14:06:00,24.3,18.3,20.1,4,1899-12-31 14:02:00,4,9,gravel,xv,T,spring
NA,A,125.0,D.armeniaca,1899-12-31 14:06:00,24,18.3,20.1,4,1899-12-31 14:02:00,4,9,gravel,xv,T,spring
NA,A,455.0,D.armeniaca,1899-12-31 14:06:00,21.9,18.3,20.1,4,1899-12-31 14:02:00,4,9,gravel,xv,T,spring
NA,A,1555.0,D.armeniaca,1899-12-31 14:08:00,25.4,18.4,20,6,1899-12-31 14:02:00,4,9,gravel,xv,T,spring
NA,A,531.0,D.armeniaca,1899-12-31 14:08:00,24.6,18.4,20,6,1899-12-31 14:02:00,4,9,gravel,xv,T,spring
NA,A,125.0,D.armeniaca,1899-12-31 14:08:00,24.2,18.4,20,6,1899-12-31 14:02:00,4,9,gravel,xv,T,spring
NA,A,455.0,D.armeniaca,1899-12-31 14:08:00,22,18.4,20,6,1899-12-31 14:02:00,4,9,gravel,xv,T,spring
NA,A,1555.0,D.armeniaca,1899-12-31 14:09:00,24.5,18.5,20,7,1899-12-31 14:02:00,4,9,gravel,xv,T,spring
NA,A,531.0,D.armeniaca,1899-12-31 14:09:00,23.8,18.5,20,7,1899-12-31 14:02:00,4,9,gravel,xv,T,spring
NA,A,125.0,D.armeniaca,1899-12-31 14:09:00,23.1,18.5,20,7,1899-12-31 14:02:00,4,9,gravel,xv,T,spring
NA,A,455.0,D.armeniaca,1899-12-31 14:09:00,21.4,18.5,20,7,1899-12-31 14:02:00,4,9,gravel,xv,T,spring
NA,A,1555.0,D.armeniaca,1899-12-31 14:10:00,24.3,18.9,19.9,8,1899-12-31 14:02:00,4,9,gravel,xv,T,spring
NA,A,531.0,D.armeniaca,1899-12-31 14:10:00,23.6,18.9,19.9,8,1899-12-31 14:02:00,4,9,gravel,xv,T,spring
NA,A,125.0,D.armeniaca,1899-12-31 14:10:00,23.2,18.9,19.9,8,1899-12-31 14:02:00,4,9,gravel,xv,T,spring
NA,A,455.0,D.armeniaca,1899-12-31 14:10:00,21.3,18.9,19.9,8,1899-12-31 14:02:00,4,9,gravel,xv,T,spring
NA,A,2231.0,D.armeniaca,1899-12-31 14:10:00,21.7,19.4,20.2,8,1899-12-31 14:02:00,1,9,gravel,xv,F,spring
NA,A,1555.0,D.armeniaca,1899-12-31 14:11:00,23.8,19,20.2,9,1899-12-31 14:02:00,4,9,gravel,xv,T,spring
NA,A,531.0,D.armeniaca,1899-12-31 14:11:00,23,19,20.2,9,1899-12-31 14:02:00,4,9,gravel,xv,T,spring
NA,A,125.0,D.armeniaca,1899-12-31 14:11:00,22.7,19,20.2,9,1899-12-31 14:02:00,4,9,gravel,xv,T,spring
NA,A,455.0,D.armeniaca,1899-12-31 14:11:00,21.3,19,20.2,9,1899-12-31 14:02:00,4,9,gravel,xv,T,spring
NA,A,2231.0,D.armeniaca,1899-12-31 14:11:00,21.2,18.7,20.2,9,1899-12-31 14:02:00,1,9,gravel,xv,F,spring
NA,A,1555.0,D.armeniaca,1899-12-31 14:12:00,23.4,18.5,19.9,10,1899-12-31 14:02:00,4,9,gravel,xv,T,spring
NA,A,531.0,D.armeniaca,1899-12-31 14:12:00,22.6,18.5,19.9,10,1899-12-31 14:02:00,4,9,gravel,xv,T,spring
NA,A,125.0,D.armeniaca,1899-12-31 14:12:00,22.1,18.5,19.9,10,1899-12-31 14:02:00,4,9,gravel,xv,T,spring
NA,A,455.0,D.armeniaca,1899-12-31 14:12:00,21.1,18.5,19.9,10,1899-12-31 14:02:00,4,9,gravel,xv,T,spring
NA,A,2231.0,D.armeniaca,1899-12-31 14:12:00,20.8,18.7,19.9,10,1899-12-31 14:02:00,1,9,gravel,xv,F,spring
NA,A,1555.0,D.armeniaca,1899-12-31 14:13:00,23,18.1,20,11,1899-12-31 14:02:00,4,9,gravel,xv,T,spring
NA,A,531.0,D.armeniaca,1899-12-31 14:13:00,22.2,18.1,20,11,1899-12-31 14:02:00,4,9,gravel,xv,T,spring
NA,A,125.0,D.armeniaca,1899-12-31 14:13:00,21.6,18.1,20,11,1899-12-31 14:02:00,4,9,gravel,xv,T,spring
NA,A,455.0,D.armeniaca,1899-12-31 14:13:00,20.4,18.1,20,11,1899-12-31 14:02:00,4,9,gravel,xv,T,spring
NA,A,2231.0,D.armeniaca,1899-12-31 14:13:00,20.3,18.1,20,11,1899-12-31 14:02:00,1,9,gravel,xv,F,spring
NA,A,1555.0,D.armeniaca,1899-12-31 14:14:00,22.9,18.5,20,12,1899-12-31 14:02:00,4,9,gravel,xv,T,spring
NA,A,531.0,D.armeniaca,1899-12-31 14:14:00,22.1,18.5,20,12,1899-12-31 14:02:00,4,9,gravel,xv,T,spring
NA,A,455.0,D.armeniaca,1899-12-31 14:14:00,20.6,18.5,20,12,1899-12-31 14:02:00,4,9,gravel,xv,T,spring
NA,A,2231.0,D.armeniaca,1899-12-31 14:14:00,20.3,18.4,20,12,1899-12-31 14:02:00,1,9,gravel,xv,F,spring
NA,A,1555.0,D.armeniaca,1899-12-31 14:15:00,22.5,18.7,20,13,1899-12-31 14:02:00,4,9,gravel,xv,T,spring
NA,A,531.0,D.armeniaca,1899-12-31 14:15:00,21.8,18.7,20,13,1899-12-31 14:02:00,4,9,gravel,xv,T,spring
NA,A,125.0,D.armeniaca,1899-12-31 14:15:00,21.4,18.7,20,13,1899-12-31 14:02:00,4,9,gravel,xv,T,spring
NA,A,455.0,D.armeniaca,1899-12-31 14:15:00,20.8,18.7,20,13,1899-12-31 14:02:00,4,9,gravel,xv,T,spring
NA,A,2231.0,D.armeniaca,1899-12-31 14:15:00,20.3,18.7,20,13,1899-12-31 14:02:00,1,9,gravel,xv,F,spring
NA,A,1555.0,D.armeniaca,1899-12-31 14:16:00,22.4,19,20,14,1899-12-31 14:02:00,4,9,gravel,xv,T,spring
NA,A,531.0,D.armeniaca,1899-12-31 14:16:00,21.8,19,20,14,1899-12-31 14:02:00,4,9,gravel,xv,T,spring
NA,A,125.0,D.armeniaca,1899-12-31 14:16:00,21.6,19,20,14,1899-12-31 14:02:00,4,9,gravel,xv,T,spring
NA,A,455.0,D.armeniaca,1899-12-31 14:16:00,20.7,19,20,14,1899-12-31 14:02:00,4,9,gravel,xv,T,spring
NA,A,2231.0,D.armeniaca,1899-12-31 14:16:00,20.3,18.8,20,14,1899-12-31 14:02:00,1,9,gravel,xv,F,spring
NA,A,1555.0,D.armeniaca,1899-12-31 14:17:00,21.9,18.7,19.9,15,1899-12-31 14:02:00,4,9,gravel,xv,T,spring
NA,A,531.0,D.armeniaca,1899-12-31 14:17:00,21.3,18.7,19.9,15,1899-12-31 14:02:00,4,9,gravel,xv,T,spring
NA,A,125.0,D.armeniaca,1899-12-31 14:17:00,21.2,18.7,19.9,15,1899-12-31 14:02:00,4,9,gravel,xv,T,spring
NA,A,455.0,D.armeniaca,1899-12-31 14:17:00,20.1,18.7,19.9,15,1899-12-31 14:02:00,4,9,gravel,xv,T,spring
NA,A,2231.0,D.armeniaca,1899-12-31 14:17:00,20,18.6,19.9,15,1899-12-31 14:02:00,1,9,gravel,xv,F,spring
NA,A,1555.0,D.armeniaca,1899-12-31 14:18:00,21.7,18.5,20.2,16,1899-12-31 14:02:00,4,9,gravel,xv,T,spring
NA,A,531.0,D.armeniaca,1899-12-31 14:18:00,21.2,18.5,20.2,16,1899-12-31 14:02:00,4,9,gravel,xv,T,spring
NA,A,125.0,D.armeniaca,1899-12-31 14:18:00,21,18.5,20.2,16,1899-12-31 14:02:00,4,9,gravel,xv,T,spring
NA,A,455.0,D.armeniaca,1899-12-31 14:18:00,20.2,18.5,20.2,16,1899-12-31 14:02:00,4,9,gravel,xv,T,spring
NA,A,2231.0,D.armeniaca,1899-12-31 14:18:00,19.8,18.4,20.2,16,1899-12-31 14:02:00,1,9,gravel,xv,F,spring
NA,A,1555.0,D.armeniaca,1899-12-31 14:19:00,21.2,18.2,20,17,1899-12-31 14:02:00,4,9,gravel,xv,T,spring
NA,A,531.0,D.armeniaca,1899-12-31 14:19:00,20.6,18.2,20,17,1899-12-31 14:02:00,4,9,gravel,xv,T,spring
NA,A,125.0,D.armeniaca,1899-12-31 14:19:00,20.6,18.2,20,17,1899-12-31 14:02:00,4,9,gravel,xv,T,spring
NA,A,455.0,D.armeniaca,1899-12-31 14:19:00,19.9,18.2,20,17,1899-12-31 14:02:00,4,9,gravel,xv,T,spring
NA,A,2231.0,D.armeniaca,1899-12-31 14:19:00,19.4,18.4,20,17,1899-12-31 14:02:00,1,9,gravel,xv,F,spring
NA,A,1555.0,D.armeniaca,1899-12-31 14:20:00,21.1,18.5,20,18,1899-12-31 14:02:00,4,9,gravel,xv,T,spring
NA,A,531.0,D.armeniaca,1899-12-31 14:20:00,20.7,18.5,20,18,1899-12-31 14:02:00,4,9,gravel,xv,T,spring
NA,A,125.0,D.armeniaca,1899-12-31 14:20:00,20.6,18.5,20,18,1899-12-31 14:02:00,4,9,gravel,xv,T,spring
NA,A,455.0,D.armeniaca,1899-12-31 14:20:00,19.9,18.5,20,18,1899-12-31 14:02:00,4,9,gravel,xv,T,spring
NA,A,2231.0,D.armeniaca,1899-12-31 14:20:00,19.6,18.6,20,18,1899-12-31 14:02:00,1,9,gravel,xv,F,spring
NA,A,1555.0,D.armeniaca,1899-12-31 14:21:00,20.7,18.6,19.8,19,1899-12-31 14:02:00,4,9,gravel,xv,T,spring
NA,A,531.0,D.armeniaca,1899-12-31 14:21:00,20.3,18.6,19.8,19,1899-12-31 14:02:00,4,9,gravel,xv,T,spring
NA,A,125.0,D.armeniaca,1899-12-31 14:21:00,20.3,18.6,19.8,19,1899-12-31 14:02:00,4,9,gravel,xv,T,spring
NA,A,455.0,D.armeniaca,1899-12-31 14:21:00,19.6,18.6,19.8,19,1899-12-31 14:02:00,4,9,gravel,xv,T,spring
NA,A,2231.0,D.armeniaca,1899-12-31 14:21:00,19.4,18.5,19.8,19,1899-12-31 14:02:00,1,9,gravel,xv,F,spring
NA,A,1555.0,D.armeniaca,1899-12-31 14:22:00,20.5,18.5,20,20,1899-12-31 14:02:00,4,9,gravel,xv,T,spring
NA,A,531.0,D.armeniaca,1899-12-31 14:22:00,20.2,18.5,20,20,1899-12-31 14:02:00,4,9,gravel,xv,T,spring
NA,A,125.0,D.armeniaca,1899-12-31 14:22:00,20,18.5,20,20,1899-12-31 14:02:00,4,9,gravel,xv,T,spring
NA,A,455.0,D.armeniaca,1899-12-31 14:22:00,19.6,18.5,20,20,1899-12-31 14:02:00,4,9,gravel,xv,T,spring
NA,A,2231.0,D.armeniaca,1899-12-31 14:22:00,19.2,18.5,20,20,1899-12-31 14:02:00,1,9,gravel,xv,F,spring
NA,A,1555.0,D.armeniaca,1899-12-31 14:23:00,20.4,18.6,19.9,21,1899-12-31 14:02:00,4,9,gravel,xv,T,spring
NA,A,531.0,D.armeniaca,1899-12-31 14:23:00,20.1,18.6,19.9,21,1899-12-31 14:02:00,4,9,gravel,xv,T,spring
NA,A,125.0,D.armeniaca,1899-12-31 14:23:00,20,18.6,19.9,21,1899-12-31 14:02:00,4,9,gravel,xv,T,spring
NA,A,455.0,D.armeniaca,1899-12-31 14:23:00,19.7,18.6,19.9,21,1899-12-31 14:02:00,4,9,gravel,xv,T,spring
NA,A,2231.0,D.armeniaca,1899-12-31 14:23:00,19.3,18.6,19.9,21,1899-12-31 14:02:00,1,9,gravel,xv,F,spring
NA,A,1555.0,D.armeniaca,1899-12-31 14:24:00,20.2,18.5,19.8,22,1899-12-31 14:02:00,4,9,gravel,xv,T,spring
NA,A,531.0,D.armeniaca,1899-12-31 14:24:00,19.9,18.5,19.8,22,1899-12-31 14:02:00,4,9,gravel,xv,T,spring
NA,A,125.0,D.armeniaca,1899-12-31 14:24:00,20,18.5,19.8,22,1899-12-31 14:02:00,4,9,gravel,xv,T,spring
NA,A,455.0,D.armeniaca,1899-12-31 14:24:00,19.4,18.5,19.8,22,1899-12-31 14:02:00,4,9,gravel,xv,T,spring
NA,A,2231.0,D.armeniaca,1899-12-31 14:24:00,19.1,18.5,19.8,22,1899-12-31 14:02:00,1,9,gravel,xv,F,spring
NA,A,1555.0,D.armeniaca,1899-12-31 14:25:00,19.8,18.2,19.9,23,1899-12-31 14:02:00,4,9,gravel,xv,T,spring
NA,A,531.0,D.armeniaca,1899-12-31 14:25:00,19.5,18.2,19.9,23,1899-12-31 14:02:00,4,9,gravel,xv,T,spring
NA,A,125.0,D.armeniaca,1899-12-31 14:25:00,19.5,18.2,19.9,23,1899-12-31 14:02:00,4,9,gravel,xv,T,spring
NA,A,455.0,D.armeniaca,1899-12-31 14:25:00,19.1,18.2,19.9,23,1899-12-31 14:02:00,4,9,gravel,xv,T,spring
NA,A,2231.0,D.armeniaca,1899-12-31 14:25:00,18.9,18.3,19.9,23,1899-12-31 14:02:00,1,9,gravel,xv,F,spring
NA,A,1555.0,D.armeniaca,1899-12-31 14:26:00,19.9,18.3,19.8,24,1899-12-31 14:02:00,4,9,gravel,xv,T,spring
NA,A,531.0,D.armeniaca,1899-12-31 14:26:00,19.7,18.3,19.8,24,1899-12-31 14:02:00,4,9,gravel,xv,T,spring
NA,A,125.0,D.armeniaca,1899-12-31 14:26:00,19.5,18.3,19.8,24,1899-12-31 14:02:00,4,9,gravel,xv,T,spring
NA,A,455.0,D.armeniaca,1899-12-31 14:26:00,19.2,18.3,19.8,24,1899-12-31 14:02:00,4,9,gravel,xv,T,spring
NA,A,2231.0,D.armeniaca,1899-12-31 14:26:00,18.8,18.3,19.8,24,1899-12-31 14:02:00,1,9,gravel,xv,F,spring
NA,A,1555.0,D.armeniaca,1899-12-31 14:27:00,19.8,18.4,20,25,1899-12-31 14:02:00,4,9,gravel,xv,T,spring
NA,A,531.0,D.armeniaca,1899-12-31 14:27:00,19.6,18.4,20,25,1899-12-31 14:02:00,4,9,gravel,xv,T,spring
NA,A,125.0,D.armeniaca,1899-12-31 14:27:00,19.5,18.4,20,25,1899-12-31 14:02:00,4,9,gravel,xv,T,spring
NA,A,455.0,D.armeniaca,1899-12-31 14:27:00,19.2,18.4,20,25,1899-12-31 14:02:00,4,9,gravel,xv,T,spring
NA,A,2231.0,D.armeniaca,1899-12-31 14:27:00,18.9,18.4,20,25,1899-12-31 14:02:00,1,9,gravel,xv,F,spring
NA,A,1555.0,D.armeniaca,1899-12-31 14:28:00,19.5,18.1,19.8,26,1899-12-31 14:02:00,4,9,gravel,xv,T,spring
NA,A,531.0,D.armeniaca,1899-12-31 14:28:00,19.2,18.1,19.8,26,1899-12-31 14:02:00,4,9,gravel,xv,T,spring
NA,A,2231.0,D.armeniaca,1899-12-31 14:28:00,18.6,18.1,19.8,26,1899-12-31 14:02:00,1,9,gravel,xv,F,spring
NA,A,1555.0,D.armeniaca,1899-12-31 14:29:00,19.4,18,19.7,27,1899-12-31 14:02:00,4,9,gravel,xv,T,spring
NA,A,531.0,D.armeniaca,1899-12-31 14:29:00,19.1,18,19.7,27,1899-12-31 14:02:00,4,9,gravel,xv,T,spring
NA,A,2231.0,D.armeniaca,1899-12-31 14:29:00,18.5,18,19.7,27,1899-12-31 14:02:00,1,9,gravel,xv,F,spring
NA,A,1555.0,D.armeniaca,1899-12-31 14:30:00,19.4,17.6,19.8,28,1899-12-31 14:02:00,4,9,gravel,xv,T,spring
NA,A,531.0,D.armeniaca,1899-12-31 14:30:00,19.2,17.6,19.8,28,1899-12-31 14:02:00,4,9,gravel,xv,T,spring
NA,A,125.0,D.armeniaca,1899-12-31 14:30:00,19.2,17.6,19.8,28,1899-12-31 14:02:00,4,9,gravel,xv,T,spring
NA,A,2231.0,D.armeniaca,1899-12-31 14:30:00,18.3,17.6,19.8,28,1899-12-31 14:02:00,1,9,gravel,xv,F,spring
NA,A,1555.0,D.armeniaca,1899-12-31 14:31:00,18.9,17.7,19.8,29,1899-12-31 14:02:00,3,9,gravel,xv,T,spring
NA,A,531.0,D.armeniaca,1899-12-31 14:31:00,18.6,17.7,19.8,29,1899-12-31 14:02:00,3,9,gravel,xv,T,spring
NA,A,455.0,D.armeniaca,1899-12-31 14:31:00,18.3,17.7,19.8,29,1899-12-31 14:02:00,1,9,gravel,xv,F,spring
NA,A,125.0,D.armeniaca,1899-12-31 14:31:00,18.6,17.7,19.8,29,1899-12-31 14:02:00,3,9,gravel,xv,T,spring
NA,A,2231.0,D.armeniaca,1899-12-31 14:31:00,18,17.6,19.8,29,1899-12-31 14:02:00,1,9,gravel,xv,F,spring
NA,A,1555.0,D.armeniaca,1899-12-31 14:32:00,19.3,18,19.8,30,1899-12-31 14:02:00,3,9,gravel,xv,T,spring
NA,A,531.0,D.armeniaca,1899-12-31 14:32:00,19.2,18,19.8,30,1899-12-31 14:02:00,3,9,gravel,xv,T,spring
NA,A,125.0,D.armeniaca,1899-12-31 14:32:00,19.1,18,19.8,30,1899-12-31 14:02:00,3,9,gravel,xv,T,spring
NA,A,455.0,D.armeniaca,1899-12-31 14:32:00,18.4,17.8,19.8,30,1899-12-31 14:02:00,1,9,gravel,xv,F,spring
NA,A,2231.0,D.armeniaca,1899-12-31 14:32:00,18.5,18.1,19.8,30,1899-12-31 14:02:00,1,9,gravel,xv,F,spring
NA,A,1555.0,D.armeniaca,1899-12-31 14:33:00,19.6,18.4,19.8,31,1899-12-31 14:02:00,3,9,gravel,xv,T,spring
NA,A,531.0,D.armeniaca,1899-12-31 14:33:00,19.3,18.4,19.8,31,1899-12-31 14:02:00,3,9,gravel,xv,T,spring
NA,A,125.0,D.armeniaca,1899-12-31 14:33:00,19.3,18.4,19.8,31,1899-12-31 14:02:00,3,9,gravel,xv,T,spring
NA,A,455.0,D.armeniaca,1899-12-31 14:33:00,18.5,18.1,19.8,31,1899-12-31 14:02:00,1,9,gravel,xv,F,spring
NA,A,2231.0,D.armeniaca,1899-12-31 14:33:00,18.8,18.4,19.8,31,1899-12-31 14:02:00,1,9,gravel,xv,F,spring
NA,A,1555.0,D.armeniaca,1899-12-31 14:35:00,19.2,18,19.7,33,1899-12-31 14:02:00,3,9,gravel,xv,T,spring
NA,A,531.0,D.armeniaca,1899-12-31 14:35:00,19,18,19.7,33,1899-12-31 14:02:00,3,9,gravel,xv,T,spring
NA,A,125.0,D.armeniaca,1899-12-31 14:35:00,19,18,19.7,33,1899-12-31 14:02:00,3,9,gravel,xv,T,spring
NA,A,455.0,D.armeniaca,1899-12-31 14:35:00,18.2,17.8,19.7,33,1899-12-31 14:02:00,1,9,gravel,xv,F,spring
NA,A,2231.0,D.armeniaca,1899-12-31 14:35:00,18,18,19.7,33,1899-12-31 14:02:00,1,9,gravel,xv,F,spring
NA,A,1555.0,D.armeniaca,1899-12-31 14:36:00,19.2,17.9,19.7,34,1899-12-31 14:02:00,3,9,gravel,xv,T,spring
NA,A,531.0,D.armeniaca,1899-12-31 14:36:00,18.8,17.9,19.7,34,1899-12-31 14:02:00,3,9,gravel,xv,T,spring
NA,A,125.0,D.armeniaca,1899-12-31 14:36:00,18.9,17.9,19.7,34,1899-12-31 14:02:00,3,9,gravel,xv,T,spring
NA,A,455.0,D.armeniaca,1899-12-31 14:36:00,18,17.8,19.7,34,1899-12-31 14:02:00,1,9,gravel,xv,F,spring
NA,A,2231.0,D.armeniaca,1899-12-31 14:36:00,18.3,17.9,19.7,34,1899-12-31 14:02:00,1,9,gravel,xv,F,spring
NA,A,1555.0,D.armeniaca,1899-12-31 14:37:00,19.1,17.9,19.6,35,1899-12-31 14:02:00,3,9,gravel,xv,T,spring
NA,A,531.0,D.armeniaca,1899-12-31 14:37:00,18.8,17.9,19.6,35,1899-12-31 14:02:00,3,9,gravel,xv,T,spring
NA,A,125.0,D.armeniaca,1899-12-31 14:37:00,18.8,17.9,19.6,35,1899-12-31 14:02:00,3,9,gravel,xv,T,spring
NA,A,455.0,D.armeniaca,1899-12-31 14:37:00,18,17.7,19.6,35,1899-12-31 14:02:00,1,9,gravel,xv,F,spring
NA,A,2231.0,D.armeniaca,1899-12-31 14:37:00,18.3,17.8,19.6,35,1899-12-31 14:02:00,1,9,gravel,xv,F,spring
NA,A,125.0,D.armeniaca,1899-12-31 14:39:00,18.8,18.3,19.7,37,1899-12-31 14:02:00,2,9,gravel,xv,T,spring
NA,A,1555.0,D.armeniaca,1899-12-31 14:39:00,18.9,18.3,19.7,37,1899-12-31 14:02:00,2,9,gravel,xv,T,spring
NA,A,125.0,D.armeniaca,1899-12-31 14:40:00,18.7,18.2,19.7,38,1899-12-31 14:02:00,3,9,gravel,xv,T,spring
NA,A,1555.0,D.armeniaca,1899-12-31 14:40:00,18.9,18.2,19.7,38,1899-12-31 14:02:00,3,9,gravel,xv,T,spring
NA,A,531.0,D.armeniaca,1899-12-31 14:40:00,18.7,18.2,19.7,38,1899-12-31 14:02:00,3,9,gravel,xv,T,spring
NA,A,125.0,D.armeniaca,1899-12-31 14:41:00,18.7,18.1,19.7,39,1899-12-31 14:02:00,3,9,gravel,xv,T,spring
NA,A,1555.0,D.armeniaca,1899-12-31 14:41:00,19,18.1,19.7,39,1899-12-31 14:02:00,3,9,gravel,xv,T,spring
NA,A,531.0,D.armeniaca,1899-12-31 14:41:00,18.7,18.1,19.7,39,1899-12-31 14:02:00,3,9,gravel,xv,T,spring
NA,A,125.0,D.armeniaca,1899-12-31 14:42:00,18.8,18.1,19.7,40,1899-12-31 14:02:00,3,9,gravel,xv,T,spring
NA,A,1555.0,D.armeniaca,1899-12-31 14:42:00,19,18.1,19.7,40,1899-12-31 14:02:00,3,9,gravel,xv,T,spring
NA,A,531.0,D.armeniaca,1899-12-31 14:42:00,18.8,18.1,19.7,40,1899-12-31 14:02:00,3,9,gravel,xv,T,spring
NA,A,125.0,D.armeniaca,1899-12-31 14:43:00,18.8,18,19.8,41,1899-12-31 14:02:00,3,9,gravel,xv,T,spring
NA,A,1555.0,D.armeniaca,1899-12-31 14:43:00,18.9,18,19.8,41,1899-12-31 14:02:00,3,9,gravel,xv,T,spring
NA,A,531.0,D.armeniaca,1899-12-31 14:43:00,18.6,18,19.8,41,1899-12-31 14:02:00,3,9,gravel,xv,T,spring
NA,A,125.0,D.armeniaca,1899-12-31 14:44:00,18.5,17.8,19.7,42,1899-12-31 14:02:00,3,9,gravel,xv,T,spring
NA,A,1555.0,D.armeniaca,1899-12-31 14:44:00,18.7,17.8,19.7,42,1899-12-31 14:02:00,3,9,gravel,xv,T,spring
NA,A,531.0,D.armeniaca,1899-12-31 14:44:00,18.4,17.8,19.7,42,1899-12-31 14:02:00,3,9,gravel,xv,T,spring
NA,A,125.0,D.armeniaca,1899-12-31 14:45:00,18.7,18,19.8,43,1899-12-31 14:02:00,3,9,gravel,xv,T,spring
NA,A,1555.0,D.armeniaca,1899-12-31 14:45:00,18.8,18,19.8,43,1899-12-31 14:02:00,3,9,gravel,xv,T,spring
NA,A,531.0,D.armeniaca,1899-12-31 14:45:00,18.6,18,19.8,43,1899-12-31 14:02:00,3,9,gravel,xv,T,spring
NA,A,125.0,D.armeniaca,1899-12-31 14:46:00,18.7,17.9,19.7,44,1899-12-31 14:02:00,3,9,gravel,xv,T,spring
NA,A,1555.0,D.armeniaca,1899-12-31 14:46:00,18.7,17.9,19.7,44,1899-12-31 14:02:00,3,9,gravel,xv,T,spring
NA,A,531.0,D.armeniaca,1899-12-31 14:46:00,18.4,17.9,19.7,44,1899-12-31 14:02:00,3,9,gravel,xv,T,spring
NA,A,125.0,D.armeniaca,1899-12-31 14:47:00,18.6,18,19.7,45,1899-12-31 14:02:00,3,9,gravel,xv,T,spring
NA,A,1555.0,D.armeniaca,1899-12-31 14:47:00,18.7,18,19.7,45,1899-12-31 14:02:00,3,9,gravel,xv,T,spring
NA,A,531.0,D.armeniaca,1899-12-31 14:47:00,18.5,18,19.7,45,1899-12-31 14:02:00,3,9,gravel,xv,T,spring
NA,A,125.0,D.armeniaca,1899-12-31 14:48:00,18.2,17.5,19.6,46,1899-12-31 14:02:00,3,9,gravel,xv,T,spring
NA,A,1555.0,D.armeniaca,1899-12-31 14:48:00,18.4,17.5,19.6,46,1899-12-31 14:02:00,3,9,gravel,xv,T,spring
NA,A,531.0,D.armeniaca,1899-12-31 14:48:00,18.1,17.5,19.6,46,1899-12-31 14:02:00,3,9,gravel,xv,T,spring
NA,A,125.0,D.armeniaca,1899-12-31 14:49:00,17.8,17,19.7,47,1899-12-31 14:02:00,3,9,gravel,xv,T,spring
NA,A,1555.0,D.armeniaca,1899-12-31 14:49:00,18,17,19.7,47,1899-12-31 14:02:00,3,9,gravel,xv,T,spring
NA,A,531.0,D.armeniaca,1899-12-31 14:49:00,17.6,17,19.7,47,1899-12-31 14:02:00,3,9,gravel,xv,T,spring
NA,A,125.0,D.armeniaca,1899-12-31 14:50:00,18.5,17.8,19.7,48,1899-12-31 14:02:00,3,9,gravel,xv,T,spring
NA,A,1555.0,D.armeniaca,1899-12-31 14:50:00,18.7,17.8,19.7,48,1899-12-31 14:02:00,3,9,gravel,xv,T,spring
NA,A,531.0,D.armeniaca,1899-12-31 14:50:00,18.4,17.8,19.7,48,1899-12-31 14:02:00,3,9,gravel,xv,T,spring
NA,C,424.0,D.armeniaca,1899-12-31 18:16:00,23.9,22.1,22.3,9,1899-12-31 18:07:00,2,7,gravel,NA,T,spring
NA,C,534.0,D.armeniaca,1899-12-31 18:16:00,23.9,22.1,22.3,9,1899-12-31 18:07:00,2,7,gravel,NA,T,spring
NA,C,424.0,D.armeniaca,1899-12-31 18:20:00,22.6,21.1,21.1,13,1899-12-31 18:07:00,1,7,gravel,NA,F,spring
NA,C,424.0,D.armeniaca,1899-12-31 18:21:00,22.5,21.1,21.8,14,1899-12-31 18:07:00,1,7,gravel,NA,F,spring
NA,C,424.0,D.armeniaca,1899-12-31 18:22:00,22.2,20.9,21.8,15,1899-12-31 18:07:00,1,7,gravel,NA,F,spring
NA,C,424.0,D.armeniaca,1899-12-31 18:23:00,22.5,21.3,21.9,16,1899-12-31 18:07:00,1,7,gravel,NA,F,spring
NA,C,424.0,D.armeniaca,1899-12-31 18:24:00,22.4,21,21.9,17,1899-12-31 18:07:00,1,7,gravel,NA,F,spring
NA,C,424.0,D.armeniaca,1899-12-31 18:25:00,22,21.1,21.8,18,1899-12-31 18:07:00,1,7,gravel,NA,F,spring
NA,C,424.0,D.armeniaca,1899-12-31 18:26:00,21.6,20.7,21.5,19,1899-12-31 18:07:00,1,7,gravel,NA,F,spring
NA,C,424.0,D.armeniaca,1899-12-31 18:27:00,22,21,21.5,20,1899-12-31 18:07:00,1,7,gravel,NA,F,spring
NA,C,424.0,D.armeniaca,1899-12-31 18:28:00,21.5,20.5,21.6,21,1899-12-31 18:07:00,1,7,gravel,NA,F,spring
NA,C,424.0,D.armeniaca,1899-12-31 18:29:00,21.4,20.6,21.8,22,1899-12-31 18:07:00,1,7,gravel,NA,F,spring
NA,C,424.0,D.armeniaca,1899-12-31 18:30:00,21.3,20.4,21.4,23,1899-12-31 18:07:00,1,7,gravel,NA,F,spring
44677.0,C,534.0,D.armeniaca,1899-12-31 18:13:00,32.2,30.8,28.6,2,1899-12-31 18:11:00,1,6,gravel,NA,F,spring
NA,C,534.0,D.armeniaca,1899-12-31 18:14:00,32.1,30.6,29.4,3,1899-12-31 18:11:00,1,6,gravel,NA,F,spring
NA,C,114.0,D.armeniaca,1899-12-31 18:15:00,32.1,30.2,29.3,4,1899-12-31 18:11:00,1,6,gravel,NA,F,spring
NA,C,1033.0,D.armeniaca,1899-12-31 18:15:00,30,28.2,28.1,4,1899-12-31 18:11:00,1,6,gravel,NA,F,spring
NA,C,1033.0,D.armeniaca,1899-12-31 18:16:00,29.8,28.5,28,5,1899-12-31 18:11:00,1,6,gravel,NA,F,spring
NA,C,1033.0,D.armeniaca,1899-12-31 18:17:00,29.9,28.1,28,6,1899-12-31 18:11:00,1,6,gravel,NA,F,spring
NA,C,1033.0,D.armeniaca,1899-12-31 18:19:00,29.7,27.8,27.6,8,1899-12-31 18:11:00,1,6,gravel,NA,F,spring
NA,C,424.0,D.armeniaca,1899-12-31 18:20:00,29.3,28.4,28.3,9,1899-12-31 18:11:00,1,6,gravel,NA,F,spring
NA,C,424.0,D.armeniaca,1899-12-31 18:21:00,28.8,28,28.4,10,1899-12-31 18:11:00,1,6,gravel,NA,F,spring
NA,C,534.0,D.armeniaca,1899-12-31 18:22:00,30.5,29.2,28.3,11,1899-12-31 18:11:00,1,6,gravel,NA,F,spring
NA,C,534.0,D.armeniaca,1899-12-31 18:23:00,29.8,28.7,28.3,12,1899-12-31 18:11:00,1,6,gravel,NA,F,spring
NA,C,424.0,D.armeniaca,1899-12-31 18:23:00,29.3,29.1,28.3,12,1899-12-31 18:11:00,1,6,gravel,NA,F,spring
NA,C,534.0,D.armeniaca,1899-12-31 18:24:00,29.5,28.5,28.4,13,1899-12-31 18:11:00,1,6,gravel,NA,F,spring
NA,C,424.0,D.armeniaca,1899-12-31 18:24:00,29,28.8,28.4,13,1899-12-31 18:11:00,1,6,gravel,NA,F,spring
NA,C,534.0,D.armeniaca,1899-12-31 18:25:00,29.2,28.3,28.3,14,1899-12-31 18:11:00,1,6,gravel,NA,F,spring
NA,C,534.0,D.armeniaca,1899-12-31 18:26:00,29,28.5,28.2,15,1899-12-31 18:11:00,1,6,gravel,NA,F,spring
NA,C,534.0,D.armeniaca,1899-12-31 18:27:00,28.8,28.4,27.9,16,1899-12-31 18:11:00,1,6,gravel,NA,F,spring
NA,C,534.0,D.armeniaca,1899-12-31 18:28:00,28.5,28.2,28.1,17,1899-12-31 18:11:00,1,6,gravel,NA,F,spring
NA,C,534.0,D.armeniaca,1899-12-31 18:29:00,28.7,28.4,27.8,18,1899-12-31 18:11:00,1,6,gravel,NA,F,spring
NA,C,534.0,D.armeniaca,1899-12-31 18:30:00,28.5,28.2,28,19,1899-12-31 18:11:00,1,6,gravel,NA,F,spring
44678.0,NA,531.0,D.armeniaca,1899-12-31 13:25:00,33.5,33,23.3,2,1899-12-31 13:23:00,1,7,rock,NA,F,spring
NA,NA,531.0,D.armeniaca,1899-12-31 13:26:00,32.3,32,23.3,3,1899-12-31 13:23:00,1,7,rock,NA,F,spring
NA,NA,502.0,D.armeniaca,1899-12-31 13:27:00,28.1,22.4,22,4,1899-12-31 13:23:00,1,7,gravel,NA,F,spring
NA,NA,531.0,D.armeniaca,1899-12-31 13:28:00,30.4,30.5,24.6,5,1899-12-31 13:23:00,1,7,rock,NA,F,spring
NA,NA,531.0,D.armeniaca,1899-12-31 13:30:00,29.8,30.2,24,7,1899-12-31 13:23:00,1,7,rock,NA,F,spring
NA,NA,502.0,D.armeniaca,1899-12-31 13:32:00,24.2,21.4,22,9,1899-12-31 13:23:00,1,7,gravel,NA,F,spring
NA,NA,531.0,D.armeniaca,1899-12-31 13:33:00,27.6,22.5,22.3,10,1899-12-31 13:23:00,1,7,gravel,NA,F,spring
NA,NA,531.0,D.armeniaca,1899-12-31 13:35:00,26.3,22.5,21.8,12,1899-12-31 13:23:00,1,7,gravel,NA,F,spring
NA,NA,531.0,D.armeniaca,1899-12-31 13:36:00,25.6,21.6,22.1,13,1899-12-31 13:23:00,1,7,gravel,NA,F,spring
NA,NA,4424.0,D.armeniaca,1899-12-31 13:38:00,27.7,29.3,23.4,15,1899-12-31 13:23:00,1,7,rock,NA,F,spring
NA,NA,4424.0,D.armeniaca,1899-12-31 13:43:00,26.4,28.4,23.2,20,1899-12-31 13:23:00,1,7,rock,NA,F,spring
NA,NA,4424.0,D.armeniaca,1899-12-31 13:45:00,26.5,28.1,23.3,22,1899-12-31 13:23:00,1,7,rock,NA,F,spring
NA,NA,531.0,D.armeniaca,1899-12-31 13:50:00,22.2,21.2,21.7,27,1899-12-31 13:23:00,1,7,gravel,NA,F,spring
